schema_version,window_mode,ticker,strategy,window_id,parameter_set,total_return,sharpe,max_drawdown,trade_count
2,calendar_duration,AAPL,RSI_Mean_Reversion,0,period=7;oversold=20;overbought=80,0.117595,0.273014,-0.248549,21
2,calendar_duration,AAPL,RSI_Mean_Reversion,0,period=7;oversold=25;overbought=75,-0.028001,0.105539,-0.248549,27
2,calendar_duration,AAPL,RSI_Mean_Reversion,0,period=7;oversold=30;overbought=70,-0.217610,-0.169697,-0.299668,31
2,calendar_duration,AAPL,RSI_Mean_Reversion,0,period=7;oversold=35;overbought=65,-0.213435,-0.158543,-0.288941,41
2,calendar_duration,AAPL,RSI_Mean_Reversion,0,period=14;oversold=20;overbought=80,0.008483,0.100135,-0.218789,5
2,calendar_duration,AAPL,RSI_Mean_Reversion,0,period=14;oversold=25;overbought=75,0.290203,0.451925,-0.297704,13
2,calendar_duration,AAPL,RSI_Mean_Reversion,0,period=14;oversold=30;overbought=70,-0.151018,-0.055885,-0.297527,15
2,calendar_duration,AAPL,RSI_Mean_Reversion,0,period=14;oversold=35;overbought=65,0.102000,0.254726,-0.262854,23
2,calendar_duration,AAPL,RSI_Mean_Reversion,0,period=21;oversold=20;overbought=80,0.134125,0.533976,-0.086551,2
2,calendar_duration,AAPL,RSI_Mean_Reversion,0,period=21;oversold=25;overbought=75,0.068961,0.216889,-0.264935,4
2,calendar_duration,AAPL,RSI_Mean_Reversion,0,period=21;oversold=30;overbought=70,-0.004380,0.128467,-0.277515,9
2,calendar_duration,AAPL,RSI_Mean_Reversion,0,period=21;oversold=35;overbought=65,0.009923,0.141709,-0.260805,13
2,calendar_duration,AAPL,RSI_Mean_Reversion,1,period=7;oversold=20;overbought=80,0.309541,0.589178,-0.183343,22
2,calendar_duration,AAPL,RSI_Mean_Reversion,1,period=7;oversold=25;overbought=75,0.147976,0.319511,-0.233880,30
2,calendar_duration,AAPL,RSI_Mean_Reversion,1,period=7;oversold=30;overbought=70,0.046283,0.177045,-0.299816,34
2,calendar_duration,AAPL,RSI_Mean_Reversion,1,period=7;oversold=35;overbought=65,-0.004348,0.099670,-0.288974,42
2,calendar_duration,AAPL,RSI_Mean_Reversion,1,period=14;oversold=20;overbought=80,0.087378,0.248087,-0.224757,6
2,calendar_duration,AAPL,RSI_Mean_Reversion,1,period=14;oversold=25;overbought=75,0.153026,0.334476,-0.303043,12
2,calendar_duration,AAPL,RSI_Mean_Reversion,1,period=14;oversold=30;overbought=70,-0.064841,0.007402,-0.302828,14
2,calendar_duration,AAPL,RSI_Mean_Reversion,1,period=14;oversold=35;overbought=65,0.282359,0.506877,-0.262870,24
2,calendar_duration,AAPL,RSI_Mean_Reversion,1,period=21;oversold=20;overbought=80,0.134125,0.534685,-0.086551,2
2,calendar_duration,AAPL,RSI_Mean_Reversion,1,period=21;oversold=25;overbought=75,0.068961,0.217176,-0.264935,4
2,calendar_duration,AAPL,RSI_Mean_Reversion,1,period=21;oversold=30;overbought=70,0.038965,0.163646,-0.283109,8
2,calendar_duration,AAPL,RSI_Mean_Reversion,1,period=21;oversold=35;overbought=65,0.041551,0.167369,-0.266237,12
2,calendar_duration,AAPL,RSI_Mean_Reversion,2,period=7;oversold=20;overbought=80,0.255769,0.555527,-0.183386,25
2,calendar_duration,AAPL,RSI_Mean_Reversion,2,period=7;oversold=25;overbought=75,-0.059813,-0.010428,-0.233773,31
2,calendar_duration,AAPL,RSI_Mean_Reversion,2,period=7;oversold=30;overbought=70,-0.155281,-0.196146,-0.299978,35
2,calendar_duration,AAPL,RSI_Mean_Reversion,2,period=7;oversold=35;overbought=65,-0.221462,-0.336774,-0.288891,43
2,calendar_duration,AAPL,RSI_Mean_Reversion,2,period=14;oversold=20;overbought=80,0.186571,0.405414,-0.224757,8
2,calendar_duration,AAPL,RSI_Mean_Reversion,2,period=14;oversold=25;overbought=75,0.037141,0.161922,-0.303015,12
2,calendar_duration,AAPL,RSI_Mean_Reversion,2,period=14;oversold=30;overbought=70,-0.035960,0.044565,-0.302873,16
2,calendar_duration,AAPL,RSI_Mean_Reversion,2,period=14;oversold=35;overbought=65,0.138836,0.319662,-0.262852,26
2,calendar_duration,AAPL,RSI_Mean_Reversion,2,period=21;oversold=20;overbought=80,0.134125,0.535040,-0.086551,2
2,calendar_duration,AAPL,RSI_Mean_Reversion,2,period=21;oversold=25;overbought=75,0.168518,0.383750,-0.264935,6
2,calendar_duration,AAPL,RSI_Mean_Reversion,2,period=21;oversold=30;overbought=70,0.115288,0.279089,-0.283109,10
2,calendar_duration,AAPL,RSI_Mean_Reversion,2,period=21;oversold=35;overbought=65,0.096879,0.252870,-0.266237,14
2,calendar_duration,AAPL,RSI_Mean_Reversion,3,period=7;oversold=20;overbought=80,0.312050,0.648915,-0.183196,24
2,calendar_duration,AAPL,RSI_Mean_Reversion,3,period=7;oversold=25;overbought=75,0.050016,0.180725,-0.186306,34
2,calendar_duration,AAPL,RSI_Mean_Reversion,3,period=7;oversold=30;overbought=70,-0.042713,0.016766,-0.247294,38
2,calendar_duration,AAPL,RSI_Mean_Reversion,3,period=7;oversold=35;overbought=65,-0.190724,-0.287734,-0.289107,43
2,calendar_duration,AAPL,RSI_Mean_Reversion,3,period=14;oversold=20;overbought=80,0.085172,0.242510,-0.224732,8
2,calendar_duration,AAPL,RSI_Mean_Reversion,3,period=14;oversold=25;overbought=75,0.087571,0.239169,-0.303063,14
2,calendar_duration,AAPL,RSI_Mean_Reversion,3,period=14;oversold=30;overbought=70,-0.024413,0.062911,-0.302946,16
2,calendar_duration,AAPL,RSI_Mean_Reversion,3,period=14;oversold=35;overbought=65,0.095678,0.255661,-0.262855,24
2,calendar_duration,AAPL,RSI_Mean_Reversion,3,period=21;oversold=20;overbought=80,0.121110,0.643370,-0.072964,2
2,calendar_duration,AAPL,RSI_Mean_Reversion,3,period=21;oversold=25;overbought=75,0.089635,0.253514,-0.264874,6
2,calendar_duration,AAPL,RSI_Mean_Reversion,3,period=21;oversold=30;overbought=70,0.083455,0.232484,-0.282971,10
2,calendar_duration,AAPL,RSI_Mean_Reversion,3,period=21;oversold=35;overbought=65,0.011486,0.121661,-0.266382,12
2,calendar_duration,AAPL,RSI_Mean_Reversion,4,period=7;oversold=20;overbought=80,0.455242,0.848939,-0.183229,28
2,calendar_duration,AAPL,RSI_Mean_Reversion,4,period=7;oversold=25;overbought=75,0.120817,0.294759,-0.186301,38
2,calendar_duration,AAPL,RSI_Mean_Reversion,4,period=7;oversold=30;overbought=70,0.018469,0.127987,-0.247290,42
2,calendar_duration,AAPL,RSI_Mean_Reversion,4,period=7;oversold=35;overbought=65,-0.187783,-0.270170,-0.289161,46
2,calendar_duration,AAPL,RSI_Mean_Reversion,4,period=14;oversold=20;overbought=80,0.187567,0.411571,-0.224732,10
2,calendar_duration,AAPL,RSI_Mean_Reversion,4,period=14;oversold=25;overbought=75,0.152636,0.334043,-0.303128,14
2,calendar_duration,AAPL,RSI_Mean_Reversion,4,period=14;oversold=30;overbought=70,0.036229,0.162165,-0.302957,18
2,calendar_duration,AAPL,RSI_Mean_Reversion,4,period=14;oversold=35;overbought=65,0.192513,0.400140,-0.262789,28
2,calendar_duration,AAPL,RSI_Mean_Reversion,4,period=21;oversold=20;overbought=80,0.121110,0.643370,-0.072964,2
2,calendar_duration,AAPL,RSI_Mean_Reversion,4,period=21;oversold=25;overbought=75,0.089635,0.253514,-0.264874,6
2,calendar_duration,AAPL,RSI_Mean_Reversion,4,period=21;oversold=30;overbought=70,0.011205,0.121766,-0.283022,8
2,calendar_duration,AAPL,RSI_Mean_Reversion,4,period=21;oversold=35;overbought=65,0.065234,0.205354,-0.266314,12
2,calendar_duration,MSFT,RSI_Mean_Reversion,0,period=7;oversold=20;overbought=80,0.299511,0.460110,-0.216680,29
2,calendar_duration,MSFT,RSI_Mean_Reversion,0,period=7;oversold=25;overbought=75,0.198630,0.357774,-0.216680,33
2,calendar_duration,MSFT,RSI_Mean_Reversion,0,period=7;oversold=30;overbought=70,0.105787,0.259084,-0.205364,41
2,calendar_duration,MSFT,RSI_Mean_Reversion,0,period=7;oversold=35;overbought=65,0.223719,0.389749,-0.247328,55
2,calendar_duration,MSFT,RSI_Mean_Reversion,0,period=14;oversold=20;overbought=80,-0.092738,-0.095423,-0.232704,4
2,calendar_duration,MSFT,RSI_Mean_Reversion,0,period=14;oversold=25;overbought=75,0.351686,0.538705,-0.200058,10
2,calendar_duration,MSFT,RSI_Mean_Reversion,0,period=14;oversold=30;overbought=70,0.444074,0.602295,-0.203997,20
2,calendar_duration,MSFT,RSI_Mean_Reversion,0,period=14;oversold=35;overbought=65,0.209857,0.369841,-0.247032,21
2,calendar_duration,MSFT,RSI_Mean_Reversion,0,period=21;oversold=20;overbought=80,0.000000,0.000000,0.000000,0
2,calendar_duration,MSFT,RSI_Mean_Reversion,0,period=21;oversold=25;overbought=75,-0.202541,-0.299157,-0.311457,1
2,calendar_duration,MSFT,RSI_Mean_Reversion,0,period=21;oversold=30;overbought=70,-0.023213,0.045910,-0.219713,4
2,calendar_duration,MSFT,RSI_Mean_Reversion,0,period=21;oversold=35;overbought=65,0.206043,0.385393,-0.212711,10
2,calendar_duration,MSFT,RSI_Mean_Reversion,1,period=7;oversold=20;overbought=80,0.487821,0.775176,-0.181451,30
2,calendar_duration,MSFT,RSI_Mean_Reversion,1,period=7;oversold=25;overbought=75,0.491655,0.746435,-0.199224,36
2,calendar_duration,MSFT,RSI_Mean_Reversion,1,period=7;oversold=30;overbought=70,0.413017,0.672292,-0.205233,42
2,calendar_duration,MSFT,RSI_Mean_Reversion,1,period=7;oversold=35;overbought=65,0.654960,0.950619,-0.201478,57
2,calendar_duration,MSFT,RSI_Mean_Reversion,1,period=14;oversold=20;overbought=80,0.240201,0.457923,-0.232704,6
2,calendar_duration,MSFT,RSI_Mean_Reversion,1,period=14;oversold=25;overbought=75,0.286288,0.597140,-0.200139,10
2,calendar_duration,MSFT,RSI_Mean_Reversion,1,period=14;oversold=30;overbought=70,0.618591,0.916316,-0.203992,22
2,calendar_duration,MSFT,RSI_Mean_Reversion,1,period=14;oversold=35;overbought=65,0.415135,0.666148,-0.246959,22
2,calendar_duration,MSFT,RSI_Mean_Reversion,1,period=21;oversold=20;overbought=80,0.000000,0.000000,0.000000,0
2,calendar_duration,MSFT,RSI_Mean_Reversion,1,period=21;oversold=25;overbought=75,0.062852,0.202165,-0.311457,2
2,calendar_duration,MSFT,RSI_Mean_Reversion,1,period=21;oversold=30;overbought=70,-0.023213,0.045970,-0.219713,4
2,calendar_duration,MSFT,RSI_Mean_Reversion,1,period=21;oversold=35;overbought=65,0.232074,0.516094,-0.212774,10
2,calendar_duration,MSFT,RSI_Mean_Reversion,2,period=7;oversold=20;overbought=80,0.383738,0.670138,-0.181630,28
2,calendar_duration,MSFT,RSI_Mean_Reversion,2,period=7;oversold=25;overbought=75,0.297802,0.544201,-0.199196,34
2,calendar_duration,MSFT,RSI_Mean_Reversion,2,period=7;oversold=30;overbought=70,0.178815,0.386055,-0.205283,38
2,calendar_duration,MSFT,RSI_Mean_Reversion,2,period=7;oversold=35;overbought=65,0.431492,0.735806,-0.201402,56
2,calendar_duration,MSFT,RSI_Mean_Reversion,2,period=14;oversold=20;overbought=80,0.240201,0.458228,-0.232704,6
2,calendar_duration,MSFT,RSI_Mean_Reversion,2,period=14;oversold=25;overbought=75,0.279449,0.596020,-0.199960,10
2,calendar_duration,MSFT,RSI_Mean_Reversion,2,period=14;oversold=30;overbought=70,0.439481,0.742919,-0.203778,22
2,calendar_duration,MSFT,RSI_Mean_Reversion,2,period=14;oversold=35;overbought=65,0.272264,0.506500,-0.247009,22
2,calendar_duration,MSFT,RSI_Mean_Reversion,2,period=21;oversold=20;overbought=80,0.000000,0.000000,0.000000,0
2,calendar_duration,MSFT,RSI_Mean_Reversion,2,period=21;oversold=25;overbought=75,0.062852,0.202299,-0.311457,2
2,calendar_duration,MSFT,RSI_Mean_Reversion,2,period=21;oversold=30;overbought=70,0.094513,0.254493,-0.219713,6
2,calendar_duration,MSFT,RSI_Mean_Reversion,2,period=21;oversold=35;overbought=65,0.301455,0.610331,-0.212774,12
2,calendar_duration,MSFT,RSI_Mean_Reversion,3,period=7;oversold=20;overbought=80,0.250464,0.505448,-0.181394,30
2,calendar_duration,MSFT,RSI_Mean_Reversion,3,period=7;oversold=25;overbought=75,0.223354,0.448218,-0.199042,36
2,calendar_duration,MSFT,RSI_Mean_Reversion,3,period=7;oversold=30;overbought=70,0.134501,0.321536,-0.205087,38
2,calendar_duration,MSFT,RSI_Mean_Reversion,3,period=7;oversold=35;overbought=65,0.517534,0.848150,-0.201153,60
2,calendar_duration,MSFT,RSI_Mean_Reversion,3,period=14;oversold=20;overbought=80,0.240201,0.458228,-0.232704,6
2,calendar_duration,MSFT,RSI_Mean_Reversion,3,period=14;oversold=25;overbought=75,0.170563,0.422793,-0.199965,8
2,calendar_duration,MSFT,RSI_Mean_Reversion,3,period=14;oversold=30;overbought=70,0.356251,0.653612,-0.203889,20
2,calendar_duration,MSFT,RSI_Mean_Reversion,3,period=14;oversold=35;overbought=65,0.185943,0.393826,-0.247055,20
2,calendar_duration,MSFT,RSI_Mean_Reversion,3,period=21;oversold=20;overbought=80,0.000000,0.000000,0.000000,0
2,calendar_duration,MSFT,RSI_Mean_Reversion,3,period=21;oversold=25;overbought=75,0.062852,0.202299,-0.311457,2
2,calendar_duration,MSFT,RSI_Mean_Reversion,3,period=21;oversold=30;overbought=70,0.228891,0.452017,-0.219713,7
2,calendar_duration,MSFT,RSI_Mean_Reversion,3,period=21;oversold=35;overbought=65,0.309586,0.618784,-0.212665,12
2,calendar_duration,MSFT,RSI_Mean_Reversion,4,period=7;oversold=20;overbought=80,0.200062,0.427710,-0.181342,33
2,calendar_duration,MSFT,RSI_Mean_Reversion,4,period=7;oversold=25;overbought=75,0.214222,0.437769,-0.199157,41
2,calendar_duration,MSFT,RSI_Mean_Reversion,4,period=7;oversold=30;overbought=70,0.100108,0.264416,-0.205242,45
2,calendar_duration,MSFT,RSI_Mean_Reversion,4,period=7;oversold=35;overbought=65,0.372601,0.659194,-0.201501,61
2,calendar_duration,MSFT,RSI_Mean_Reversion,4,period=14;oversold=20;overbought=80,0.310159,0.531840,-0.232704,8
2,calendar_duration,MSFT,RSI_Mean_Reversion,4,period=14;oversold=25;overbought=75,0.202483,0.469911,-0.199965,10
2,calendar_duration,MSFT,RSI_Mean_Reversion,4,period=14;oversold=30;overbought=70,0.332304,0.622002,-0.203855,22
2,calendar_duration,MSFT,RSI_Mean_Reversion,4,period=14;oversold=35;overbought=65,0.228640,0.461396,-0.201440,25
2,calendar_duration,MSFT,RSI_Mean_Reversion,4,period=21;oversold=20;overbought=80,0.050160,0.271370,-0.071115,1
2,calendar_duration,MSFT,RSI_Mean_Reversion,4,period=21;oversold=25;overbought=75,0.190461,0.370258,-0.311457,4
2,calendar_duration,MSFT,RSI_Mean_Reversion,4,period=21;oversold=30;overbought=70,0.321958,0.557655,-0.219713,10
2,calendar_duration,MSFT,RSI_Mean_Reversion,4,period=21;oversold=35;overbought=65,0.208935,0.446205,-0.212420,12
2,calendar_duration,SPY,RSI_Mean_Reversion,0,period=7;oversold=20;overbought=80,-0.091220,-0.073543,-0.298340,15
2,calendar_duration,SPY,RSI_Mean_Reversion,0,period=7;oversold=25;overbought=75,-0.106042,-0.091981,-0.298340,27
2,calendar_duration,SPY,RSI_Mean_Reversion,0,period=7;oversold=30;overbought=70,-0.149349,-0.175382,-0.298042,39
2,calendar_duration,SPY,RSI_Mean_Reversion,0,period=7;oversold=35;overbought=65,-0.091896,-0.062953,-0.298566,49
2,calendar_duration,SPY,RSI_Mean_Reversion,0,period=14;oversold=20;overbought=80,0.064085,0.204010,-0.266632,7
2,calendar_duration,SPY,RSI_Mean_Reversion,0,period=14;oversold=25;overbought=75,0.236996,0.451457,-0.267678,15
2,calendar_duration,SPY,RSI_Mean_Reversion,0,period=14;oversold=30;overbought=70,-0.023315,0.059012,-0.277855,15
2,calendar_duration,SPY,RSI_Mean_Reversion,0,period=14;oversold=35;overbought=65,0.074632,0.221136,-0.277855,21
2,calendar_duration,SPY,RSI_Mean_Reversion,0,period=21;oversold=20;overbought=80,-0.029885,-0.047491,-0.199665,2
2,calendar_duration,SPY,RSI_Mean_Reversion,0,period=21;oversold=25;overbought=75,-0.009060,0.038110,-0.199819,3
2,calendar_duration,SPY,RSI_Mean_Reversion,0,period=21;oversold=30;overbought=70,0.048102,0.178447,-0.266632,5
2,calendar_duration,SPY,RSI_Mean_Reversion,0,period=21;oversold=35;overbought=65,-0.000896,0.092899,-0.266632,10
2,calendar_duration,SPY,RSI_Mean_Reversion,1,period=7;oversold=20;overbought=80,0.149574,0.456410,-0.142661,18
2,calendar_duration,SPY,RSI_Mean_Reversion,1,period=7;oversold=25;overbought=75,0.101958,0.319254,-0.159642,30
2,calendar_duration,SPY,RSI_Mean_Reversion,1,period=7;oversold=30;overbought=70,0.039309,0.163088,-0.212061,38
2,calendar_duration,SPY,RSI_Mean_Reversion,1,period=7;oversold=35;overbought=65,0.110594,0.326142,-0.186771,47
2,calendar_duration,SPY,RSI_Mean_Reversion,1,period=14;oversold=20;overbought=80,0.069336,0.230430,-0.197928,6
2,calendar_duration,SPY,RSI_Mean_Reversion,1,period=14;oversold=25;overbought=75,0.282562,0.697177,-0.140572,14
2,calendar_duration,SPY,RSI_Mean_Reversion,1,period=14;oversold=30;overbought=70,0.194585,0.523797,-0.185403,16
2,calendar_duration,SPY,RSI_Mean_Reversion,1,period=14;oversold=35;overbought=65,0.217856,0.589147,-0.161529,20
2,calendar_duration,SPY,RSI_Mean_Reversion,1,period=21;oversold=20;overbought=80,-0.029885,-0.047554,-0.199665,2
2,calendar_duration,SPY,RSI_Mean_Reversion,1,period=21;oversold=25;overbought=75,0.063007,0.219467,-0.199819,4
2,calendar_duration,SPY,RSI_Mean_Reversion,1,period=21;oversold=30;overbought=70,0.053205,0.201762,-0.194115,4
2,calendar_duration,SPY,RSI_Mean_Reversion,1,period=21;oversold=35;overbought=65,0.118638,0.372270,-0.173039,12
2,calendar_duration,SPY,RSI_Mean_Reversion,2,period=7;oversold=20;overbought=80,0.071062,0.258712,-0.142367,20
2,calendar_duration,SPY,RSI_Mean_Reversion,2,period=7;oversold=25;overbought=75,0.029762,0.141179,-0.159659,32
2,calendar_duration,SPY,RSI_Mean_Reversion,2,period=7;oversold=30;overbought=70,0.023005,0.123506,-0.212319,40
2,calendar_duration,SPY,RSI_Mean_Reversion,2,period=7;oversold=35;overbought=65,0.024358,0.127037,-0.193093,50
2,calendar_duration,SPY,RSI_Mean_Reversion,2,period=14;oversold=20;overbought=80,0.006823,0.087316,-0.197989,6
2,calendar_duration,SPY,RSI_Mean_Reversion,2,period=14;oversold=25;overbought=75,0.125832,0.365528,-0.140415,12
2,calendar_duration,SPY,RSI_Mean_Reversion,2,period=14;oversold=30;overbought=70,0.071381,0.242577,-0.185504,16
2,calendar_duration,SPY,RSI_Mean_Reversion,2,period=14;oversold=35;overbought=65,0.055349,0.207015,-0.161498,20
2,calendar_duration,SPY,RSI_Mean_Reversion,2,period=21;oversold=20;overbought=80,-0.029885,-0.047586,-0.199665,2
2,calendar_duration,SPY,RSI_Mean_Reversion,2,period=21;oversold=25;overbought=75,0.137730,0.383640,-0.199819,6
2,calendar_duration,SPY,RSI_Mean_Reversion,2,period=21;oversold=30;overbought=70,0.100230,0.314113,-0.194115,6
2,calendar_duration,SPY,RSI_Mean_Reversion,2,period=21;oversold=35;overbought=65,0.137996,0.406246,-0.173039,14
2,calendar_duration,SPY,RSI_Mean_Reversion,3,period=7;oversold=20;overbought=80,0.111816,0.364400,-0.142367,24
2,calendar_duration,SPY,RSI_Mean_Reversion,3,period=7;oversold=25;overbought=75,-0.003039,0.053502,-0.159748,32
2,calendar_duration,SPY,RSI_Mean_Reversion,3,period=7;oversold=30;overbought=70,-0.097260,-0.204709,-0.210382,36
2,calendar_duration,SPY,RSI_Mean_Reversion,3,period=7;oversold=35;overbought=65,-0.095948,-0.196102,-0.193059,47
2,calendar_duration,SPY,RSI_Mean_Reversion,3,period=14;oversold=20;overbought=80,0.006823,0.087316,-0.197989,6
2,calendar_duration,SPY,RSI_Mean_Reversion,3,period=14;oversold=25;overbought=75,0.164799,0.448502,-0.140415,14
2,calendar_duration,SPY,RSI_Mean_Reversion,3,period=14;oversold=30;overbought=70,0.108519,0.328392,-0.185504,18
2,calendar_duration,SPY,RSI_Mean_Reversion,3,period=14;oversold=35;overbought=65,0.039288,0.165645,-0.161359,20
2,calendar_duration,SPY,RSI_Mean_Reversion,3,period=21;oversold=20;overbought=80,-0.029885,-0.047586,-0.199665,2
2,calendar_duration,SPY,RSI_Mean_Reversion,3,period=21;oversold=25;overbought=75,0.137730,0.383640,-0.199819,6
2,calendar_duration,SPY,RSI_Mean_Reversion,3,period=21;oversold=30;overbought=70,0.162349,0.454799,-0.194115,8
2,calendar_duration,SPY,RSI_Mean_Reversion,3,period=21;oversold=35;overbought=65,0.195688,0.534017,-0.173039,16
2,calendar_duration,SPY,RSI_Mean_Reversion,4,period=7;oversold=20;overbought=80,0.203069,0.585261,-0.142713,28
2,calendar_duration,SPY,RSI_Mean_Reversion,4,period=7;oversold=25;overbought=75,0.076514,0.261067,-0.159417,35
2,calendar_duration,SPY,RSI_Mean_Reversion,4,period=7;oversold=30;overbought=70,-0.036070,-0.030360,-0.208840,41
2,calendar_duration,SPY,RSI_Mean_Reversion,4,period=7;oversold=35;overbought=65,-0.091660,-0.179194,-0.193067,49
2,calendar_duration,SPY,RSI_Mean_Reversion,4,period=14;oversold=20;overbought=80,0.006823,0.087316,-0.197989,6
2,calendar_duration,SPY,RSI_Mean_Reversion,4,period=14;oversold=25;overbought=75,0.218150,0.562014,-0.140364,14
2,calendar_duration,SPY,RSI_Mean_Reversion,4,period=14;oversold=30;overbought=70,0.159504,0.444577,-0.182929,18
2,calendar_duration,SPY,RSI_Mean_Reversion,4,period=14;oversold=35;overbought=65,0.080000,0.270784,-0.130788,23
2,calendar_duration,SPY,RSI_Mean_Reversion,4,period=21;oversold=20;overbought=80,-0.029885,-0.047586,-0.199665,2
2,calendar_duration,SPY,RSI_Mean_Reversion,4,period=21;oversold=25;overbought=75,0.137730,0.383640,-0.199819,6
2,calendar_duration,SPY,RSI_Mean_Reversion,4,period=21;oversold=30;overbought=70,0.162349,0.454799,-0.194115,8
2,calendar_duration,SPY,RSI_Mean_Reversion,4,period=21;oversold=35;overbought=65,0.211165,0.564433,-0.173209,16
2,calendar_duration,TSLA,RSI_Mean_Reversion,0,period=7;oversold=20;overbought=80,-0.130365,0.095151,-0.581571,25
2,calendar_duration,TSLA,RSI_Mean_Reversion,0,period=7;oversold=25;overbought=75,-0.369101,-0.122947,-0.587155,29
2,calendar_duration,TSLA,RSI_Mean_Reversion,0,period=7;oversold=30;overbought=70,-0.267700,-0.007541,-0.574568,37
2,calendar_duration,TSLA,RSI_Mean_Reversion,0,period=7;oversold=35;overbought=65,-0.179715,0.086034,-0.587245,55
2,calendar_duration,TSLA,RSI_Mean_Reversion,0,period=14;oversold=20;overbought=80,-0.363305,-0.294469,-0.623381,5
2,calendar_duration,TSLA,RSI_Mean_Reversion,0,period=14;oversold=25;overbought=75,-0.394888,-0.141915,-0.623622,9
2,calendar_duration,TSLA,RSI_Mean_Reversion,0,period=14;oversold=30;overbought=70,-0.141896,0.102434,-0.601960,17
2,calendar_duration,TSLA,RSI_Mean_Reversion,0,period=14;oversold=35;overbought=65,-0.260222,-0.005806,-0.628068,19
2,calendar_duration,TSLA,RSI_Mean_Reversion,0,period=21;oversold=20;overbought=80,-0.403621,-0.884858,-0.510020,1
2,calendar_duration,TSLA,RSI_Mean_Reversion,0,period=21;oversold=25;overbought=75,0.246024,0.385032,-0.522294,5
2,calendar_duration,TSLA,RSI_Mean_Reversion,0,period=21;oversold=30;overbought=70,0.131124,0.294655,-0.493575,7
2,calendar_duration,TSLA,RSI_Mean_Reversion,0,period=21;oversold=35;overbought=65,-0.229710,0.025391,-0.675862,9
2,calendar_duration,TSLA,RSI_Mean_Reversion,1,period=7;oversold=20;overbought=80,-0.200361,0.026901,-0.587254,28
2,calendar_duration,TSLA,RSI_Mean_Reversion,1,period=7;oversold=25;overbought=75,-0.250050,-0.026415,-0.594936,32
2,calendar_duration,TSLA,RSI_Mean_Reversion,1,period=7;oversold=30;overbought=70,-0.174350,0.052889,-0.604465,40
2,calendar_duration,TSLA,RSI_Mean_Reversion,1,period=7;oversold=35;overbought=65,-0.270761,-0.038111,-0.615886,54
2,calendar_duration,TSLA,RSI_Mean_Reversion,1,period=14;oversold=20;overbought=80,-0.188445,-0.023583,-0.626498,8
2,calendar_duration,TSLA,RSI_Mean_Reversion,1,period=14;oversold=25;overbought=75,-0.287703,-0.074143,-0.626290,10
2,calendar_duration,TSLA,RSI_Mean_Reversion,1,period=14;oversold=30;overbought=70,0.444850,0.505128,-0.605305,20
2,calendar_duration,TSLA,RSI_Mean_Reversion,1,period=14;oversold=35;overbought=65,0.055881,0.247910,-0.630958,22
2,calendar_duration,TSLA,RSI_Mean_Reversion,1,period=21;oversold=20;overbought=80,-0.123533,-0.073529,-0.514291,2
2,calendar_duration,TSLA,RSI_Mean_Reversion,1,period=21;oversold=25;overbought=75,0.126933,0.281228,-0.525802,6
2,calendar_duration,TSLA,RSI_Mean_Reversion,1,period=21;oversold=30;overbought=70,0.140197,0.298083,-0.497080,8
2,calendar_duration,TSLA,RSI_Mean_Reversion,1,period=21;oversold=35;overbought=65,-0.297876,-0.075377,-0.678179,10
2,calendar_duration,TSLA,RSI_Mean_Reversion,2,period=7;oversold=20;overbought=80,-0.302406,-0.080295,-0.613409,32
2,calendar_duration,TSLA,RSI_Mean_Reversion,2,period=7;oversold=25;overbought=75,-0.523923,-0.398405,-0.640860,34
2,calendar_duration,TSLA,RSI_Mean_Reversion,2,period=7;oversold=30;overbought=70,-0.561260,-0.477251,-0.671452,40
2,calendar_duration,TSLA,RSI_Mean_Reversion,2,period=7;oversold=35;overbought=65,-0.633852,-0.627925,-0.690944,52
2,calendar_duration,TSLA,RSI_Mean_Reversion,2,period=14;oversold=20;overbought=80,-0.068970,0.129885,-0.626498,9
2,calendar_duration,TSLA,RSI_Mean_Reversion,2,period=14;oversold=25;overbought=75,-0.182863,0.064083,-0.626290,11
2,calendar_duration,TSLA,RSI_Mean_Reversion,2,period=14;oversold=30;overbought=70,0.412645,0.485315,-0.605664,22
2,calendar_duration,TSLA,RSI_Mean_Reversion,2,period=14;oversold=35;overbought=65,-0.169411,0.061417,-0.631108,24
2,calendar_duration,TSLA,RSI_Mean_Reversion,2,period=21;oversold=20;overbought=80,-0.123533,-0.073578,-0.514291,2
2,calendar_duration,TSLA,RSI_Mean_Reversion,2,period=21;oversold=25;overbought=75,0.231596,0.373245,-0.525802,7
2,calendar_duration,TSLA,RSI_Mean_Reversion,2,period=21;oversold=30;overbought=70,0.216340,0.360643,-0.497080,10
2,calendar_duration,TSLA,RSI_Mean_Reversion,2,period=21;oversold=35;overbought=65,-0.102430,0.135205,-0.678179,14
2,calendar_duration,TSLA,RSI_Mean_Reversion,3,period=7;oversold=20;overbought=80,-0.421906,-0.216476,-0.703103,30
2,calendar_duration,TSLA,RSI_Mean_Reversion,3,period=7;oversold=25;overbought=75,-0.483466,-0.317070,-0.752983,34
2,calendar_duration,TSLA,RSI_Mean_Reversion,3,period=7;oversold=30;overbought=70,-0.465822,-0.307929,-0.731592,42
2,calendar_duration,TSLA,RSI_Mean_Reversion,3,period=7;oversold=35;overbought=65,-0.638417,-0.662901,-0.758789,52
2,calendar_duration,TSLA,RSI_Mean_Reversion,3,period=14;oversold=20;overbought=80,-0.159514,0.039713,-0.631584,7
2,calendar_duration,TSLA,RSI_Mean_Reversion,3,period=14;oversold=25;overbought=75,-0.311756,-0.061355,-0.631806,9
2,calendar_duration,TSLA,RSI_Mean_Reversion,3,period=14;oversold=30;overbought=70,0.159958,0.329099,-0.604980,19
2,calendar_duration,TSLA,RSI_Mean_Reversion,3,period=14;oversold=35;overbought=65,-0.357705,-0.137297,-0.680190,24
2,calendar_duration,TSLA,RSI_Mean_Reversion,3,period=21;oversold=20;overbought=80,-0.044032,0.091779,-0.514291,3
2,calendar_duration,TSLA,RSI_Mean_Reversion,3,period=21;oversold=25;overbought=75,-0.030654,0.143562,-0.499301,5
2,calendar_duration,TSLA,RSI_Mean_Reversion,3,period=21;oversold=30;overbought=70,0.249144,0.385282,-0.497011,9
2,calendar_duration,TSLA,RSI_Mean_Reversion,3,period=21;oversold=35;overbought=65,-0.263544,-0.016134,-0.677833,14
2,calendar_duration,TSLA,RSI_Mean_Reversion,4,period=7;oversold=20;overbought=80,-0.365922,-0.141018,-0.703103,30
2,calendar_duration,TSLA,RSI_Mean_Reversion,4,period=7;oversold=25;overbought=75,-0.437540,-0.215931,-0.752895,34
2,calendar_duration,TSLA,RSI_Mean_Reversion,4,period=7;oversold=30;overbought=70,-0.474709,-0.265684,-0.731699,44
2,calendar_duration,TSLA,RSI_Mean_Reversion,4,period=7;oversold=35;overbought=65,-0.640445,-0.589470,-0.758066,51
2,calendar_duration,TSLA,RSI_Mean_Reversion,4,period=14;oversold=20;overbought=80,-0.069182,0.131294,-0.631584,8
2,calendar_duration,TSLA,RSI_Mean_Reversion,4,period=14;oversold=25;overbought=75,-0.079201,0.161125,-0.631178,12
2,calendar_duration,TSLA,RSI_Mean_Reversion,4,period=14;oversold=30;overbought=70,0.448525,0.498026,-0.605807,22
2,calendar_duration,TSLA,RSI_Mean_Reversion,4,period=14;oversold=35;overbought=65,-0.425537,-0.193562,-0.679825,24
2,calendar_duration,TSLA,RSI_Mean_Reversion,4,period=21;oversold=20;overbought=80,0.114270,0.269349,-0.514291,4
2,calendar_duration,TSLA,RSI_Mean_Reversion,4,period=21;oversold=25;overbought=75,0.075991,0.244923,-0.499301,6
2,calendar_duration,TSLA,RSI_Mean_Reversion,4,period=21;oversold=30;overbought=70,0.297961,0.419276,-0.497011,10
2,calendar_duration,TSLA,RSI_Mean_Reversion,4,period=21;oversold=35;overbought=65,0.439263,0.492900,-0.638266,18
2,calendar_duration,BTC-USD,RSI_Mean_Reversion,0,period=7;oversold=20;overbought=80,0.228870,0.326226,-0.522352,42
2,calendar_duration,BTC-USD,RSI_Mean_Reversion,0,period=7;oversold=25;overbought=75,0.557771,0.472344,-0.508437,58
2,calendar_duration,BTC-USD,RSI_Mean_Reversion,0,period=7;oversold=30;overbought=70,0.265335,0.342180,-0.542327,71
2,calendar_duration,BTC-USD,RSI_Mean_Reversion,0,period=7;oversold=35;overbought=65,-0.163231,0.080629,-0.533238,79
2,calendar_duration,BTC-USD,RSI_Mean_Reversion,0,period=14;oversold=20;overbought=80,0.130443,0.247852,-0.469555,7
2,calendar_duration,BTC-USD,RSI_Mean_Reversion,0,period=14;oversold=25;overbought=75,-0.402851,-0.287970,-0.461502,9
2,calendar_duration,BTC-USD,RSI_Mean_Reversion,0,period=14;oversold=30;overbought=70,-0.408796,-0.253891,-0.516068,19
2,calendar_duration,BTC-USD,RSI_Mean_Reversion,0,period=14;oversold=35;overbought=65,-0.244596,-0.032961,-0.455076,31
2,calendar_duration,BTC-USD,RSI_Mean_Reversion,0,period=21;oversold=20;overbought=80,0.060205,0.183623,-0.551665,3
2,calendar_duration,BTC-USD,RSI_Mean_Reversion,0,period=21;oversold=25;overbought=75,0.081350,0.241261,-0.434072,7
2,calendar_duration,BTC-USD,RSI_Mean_Reversion,0,period=21;oversold=30;overbought=70,-0.551621,-0.364210,-0.566986,7
2,calendar_duration,BTC-USD,RSI_Mean_Reversion,0,period=21;oversold=35;overbought=65,-0.326989,-0.157144,-0.449596,16
2,calendar_duration,BTC-USD,RSI_Mean_Reversion,1,period=7;oversold=20;overbought=80,0.424659,0.422289,-0.491349,42
2,calendar_duration,BTC-USD,RSI_Mean_Reversion,1,period=7;oversold=25;overbought=75,0.799704,0.592273,-0.504901,56
2,calendar_duration,BTC-USD,RSI_Mean_Reversion,1,period=7;oversold=30;overbought=70,0.632474,0.505666,-0.517941,74
2,calendar_duration,BTC-USD,RSI_Mean_Reversion,1,period=7;oversold=35;overbought=65,0.054811,0.198283,-0.562724,80
2,calendar_duration,BTC-USD,RSI_Mean_Reversion,1,period=14;oversold=20;overbought=80,0.098021,0.211771,-0.411987,10
2,calendar_duration,BTC-USD,RSI_Mean_Reversion,1,period=14;oversold=25;overbought=75,-0.215570,-0.206197,-0.487374,12
2,calendar_duration,BTC-USD,RSI_Mean_Reversion,1,period=14;oversold=30;overbought=70,-0.218360,-0.007740,-0.626990,22
2,calendar_duration,BTC-USD,RSI_Mean_Reversion,1,period=14;oversold=35;overbought=65,0.475514,0.455977,-0.470365,36
2,calendar_duration,BTC-USD,RSI_Mean_Reversion,1,period=21;oversold=20;overbought=80,-0.325187,-0.375167,-0.507946,2
2,calendar_duration,BTC-USD,RSI_Mean_Reversion,1,period=21;oversold=25;overbought=75,0.385354,0.420690,-0.398896,8
2,calendar_duration,BTC-USD,RSI_Mean_Reversion,1,period=21;oversold=30;overbought=70,-0.287863,-0.133069,-0.596695,10
2,calendar_duration,BTC-USD,RSI_Mean_Reversion,1,period=21;oversold=35;overbought=65,-0.172909,0.016454,-0.611622,20
2,calendar_duration,BTC-USD,RSI_Mean_Reversion,2,period=7;oversold=20;overbought=80,0.438024,0.420596,-0.466527,44
2,calendar_duration,BTC-USD,RSI_Mean_Reversion,2,period=7;oversold=25;overbought=75,0.886606,0.637222,-0.482603,59
2,calendar_duration,BTC-USD,RSI_Mean_Reversion,2,period=7;oversold=30;overbought=70,0.389636,0.395218,-0.512710,74
2,calendar_duration,BTC-USD,RSI_Mean_Reversion,2,period=7;oversold=35;overbought=65,0.056001,0.193746,-0.555855,83
2,calendar_duration,BTC-USD,RSI_Mean_Reversion,2,period=14;oversold=20;overbought=80,0.211172,0.299869,-0.411987,12
2,calendar_duration,BTC-USD,RSI_Mean_Reversion,2,period=14;oversold=25;overbought=75,-0.140136,-0.076313,-0.487374,14
2,calendar_duration,BTC-USD,RSI_Mean_Reversion,2,period=14;oversold=30;overbought=70,-0.213805,-0.075957,-0.542180,22
2,calendar_duration,BTC-USD,RSI_Mean_Reversion,2,period=14;oversold=35;overbought=65,0.274541,0.335217,-0.492482,36
2,calendar_duration,BTC-USD,RSI_Mean_Reversion,2,period=21;oversold=20;overbought=80,-0.169474,-0.109537,-0.507946,4
2,calendar_duration,BTC-USD,RSI_Mean_Reversion,2,period=21;oversold=25;overbought=75,0.732394,0.606177,-0.398896,10
2,calendar_duration,BTC-USD,RSI_Mean_Reversion,2,period=21;oversold=30;overbought=70,-0.322886,-0.165937,-0.596695,12
2,calendar_duration,BTC-USD,RSI_Mean_Reversion,2,period=21;oversold=35;overbought=65,0.030329,0.148072,-0.471708,20
2,calendar_duration,BTC-USD,RSI_Mean_Reversion,3,period=7;oversold=20;overbought=80,0.259602,0.336816,-0.417991,41
2,calendar_duration,BTC-USD,RSI_Mean_Reversion,3,period=7;oversold=25;overbought=75,0.926007,0.697568,-0.461952,57
2,calendar_duration,BTC-USD,RSI_Mean_Reversion,3,period=7;oversold=30;overbought=70,0.269526,0.336335,-0.545367,75
2,calendar_duration,BTC-USD,RSI_Mean_Reversion,3,period=7;oversold=35;overbought=65,-0.098701,0.052167,-0.578613,89
2,calendar_duration,BTC-USD,RSI_Mean_Reversion,3,period=14;oversold=20;overbought=80,0.237233,0.324242,-0.435599,13
2,calendar_duration,BTC-USD,RSI_Mean_Reversion,3,period=14;oversold=25;overbought=75,-0.010734,0.105902,-0.506559,17
2,calendar_duration,BTC-USD,RSI_Mean_Reversion,3,period=14;oversold=30;overbought=70,0.322314,0.383730,-0.456370,25
2,calendar_duration,BTC-USD,RSI_Mean_Reversion,3,period=14;oversold=35;overbought=65,0.472144,0.494423,-0.413098,35
2,calendar_duration,BTC-USD,RSI_Mean_Reversion,3,period=21;oversold=20;overbought=80,-0.169474,-0.109487,-0.507946,4
2,calendar_duration,BTC-USD,RSI_Mean_Reversion,3,period=21;oversold=25;overbought=75,0.492343,0.526197,-0.374722,9
2,calendar_duration,BTC-USD,RSI_Mean_Reversion,3,period=21;oversold=30;overbought=70,0.056003,0.165663,-0.489125,13
2,calendar_duration,BTC-USD,RSI_Mean_Reversion,3,period=21;oversold=35;overbought=65,0.233105,0.319437,-0.581829,23
2,calendar_duration,BTC-USD,RSI_Mean_Reversion,4,period=7;oversold=20;overbought=80,0.544284,0.522468,-0.389207,43
2,calendar_duration,BTC-USD,RSI_Mean_Reversion,4,period=7;oversold=25;overbought=75,1.027009,0.745555,-0.425722,59
2,calendar_duration,BTC-USD,RSI_Mean_Reversion,4,period=7;oversold=30;overbought=70,0.292909,0.366631,-0.380466,75
2,calendar_duration,BTC-USD,RSI_Mean_Reversion,4,period=7;oversold=35;overbought=65,0.115530,0.225083,-0.383067,93
2,calendar_duration,BTC-USD,RSI_Mean_Reversion,4,period=14;oversold=20;overbought=80,0.471303,0.474574,-0.435599,16
2,calendar_duration,BTC-USD,RSI_Mean_Reversion,4,period=14;oversold=25;overbought=75,0.044552,0.158727,-0.460555,19
2,calendar_duration,BTC-USD,RSI_Mean_Reversion,4,period=14;oversold=30;overbought=70,0.138539,0.243923,-0.427452,27
2,calendar_duration,BTC-USD,RSI_Mean_Reversion,4,period=14;oversold=35;overbought=65,0.505935,0.511899,-0.441539,37
2,calendar_duration,BTC-USD,RSI_Mean_Reversion,4,period=21;oversold=20;overbought=80,-0.169474,-0.109487,-0.507946,4
2,calendar_duration,BTC-USD,RSI_Mean_Reversion,4,period=21;oversold=25;overbought=75,0.601911,0.589577,-0.374722,10
2,calendar_duration,BTC-USD,RSI_Mean_Reversion,4,period=21;oversold=30;overbought=70,-0.049013,0.074305,-0.506213,14
2,calendar_duration,BTC-USD,RSI_Mean_Reversion,4,period=21;oversold=35;overbought=65,0.207314,0.305325,-0.441532,22
