ticker,strategy,window_id,parameter_set,total_return,sharpe,max_drawdown,trade_count
AAPL,MA_Cross,0,short=5;long=50,0.630067,0.875556,-0.256350,22
AAPL,MA_Cross,0,short=5;long=100,-0.021129,0.021362,-0.239156,10
AAPL,MA_Cross,0,short=5;long=150,0.046749,0.177983,-0.220192,14
AAPL,MA_Cross,0,short=5;long=200,-0.056465,-0.386420,-0.095200,4
AAPL,MA_Cross,0,short=10;long=50,0.543963,0.796709,-0.266849,20
AAPL,MA_Cross,0,short=10;long=100,-0.095699,-0.166431,-0.262456,10
AAPL,MA_Cross,0,short=10;long=150,0.024673,0.128574,-0.230761,10
AAPL,MA_Cross,0,short=10;long=200,-0.070094,-0.614164,-0.110581,2
AAPL,MA_Cross,0,short=20;long=50,0.425792,0.654360,-0.237632,18
AAPL,MA_Cross,0,short=20;long=100,-0.118798,-0.211678,-0.350258,8
AAPL,MA_Cross,0,short=20;long=150,-0.033786,0.007064,-0.244600,6
AAPL,MA_Cross,0,short=20;long=200,-0.125256,-0.811798,-0.138442,2
AAPL,MA_Cross,0,short=30;long=50,0.471399,0.670619,-0.265474,16
AAPL,MA_Cross,0,short=30;long=100,-0.047182,-0.040476,-0.266199,6
AAPL,MA_Cross,0,short=30;long=150,-0.140618,-0.221917,-0.352397,6
AAPL,MA_Cross,0,short=30;long=200,-0.083880,-0.502907,-0.109267,2
AAPL,MA_Cross,1,short=5;long=50,0.405174,0.730969,-0.180639,21
AAPL,MA_Cross,1,short=5;long=100,0.293574,0.613267,-0.239156,11
AAPL,MA_Cross,1,short=5;long=150,0.255926,0.561842,-0.263464,17
AAPL,MA_Cross,1,short=5;long=200,0.142692,0.578642,-0.131343,7
AAPL,MA_Cross,1,short=10;long=50,0.303910,0.599576,-0.213532,19
AAPL,MA_Cross,1,short=10;long=100,0.149414,0.371271,-0.276110,11
AAPL,MA_Cross,1,short=10;long=150,0.263516,0.561776,-0.269416,11
AAPL,MA_Cross,1,short=10;long=200,0.146731,0.613326,-0.158931,3
AAPL,MA_Cross,1,short=20;long=50,0.141914,0.335448,-0.272624,17
AAPL,MA_Cross,1,short=20;long=100,0.086831,0.251562,-0.354473,9
AAPL,MA_Cross,1,short=20;long=150,0.212051,0.460238,-0.268635,7
AAPL,MA_Cross,1,short=20;long=200,0.075473,0.328981,-0.182781,3
AAPL,MA_Cross,1,short=30;long=50,0.126089,0.302524,-0.292354,15
AAPL,MA_Cross,1,short=30;long=100,0.180676,0.429511,-0.295691,7
AAPL,MA_Cross,1,short=30;long=150,0.060851,0.199912,-0.352397,7
AAPL,MA_Cross,1,short=30;long=200,0.177370,0.689745,-0.109267,3
AAPL,MA_Cross,2,short=5;long=50,0.231194,0.512764,-0.180542,21
AAPL,MA_Cross,2,short=5;long=100,0.133386,0.329742,-0.239156,15
AAPL,MA_Cross,2,short=5;long=150,0.101251,0.273034,-0.263464,21
AAPL,MA_Cross,2,short=5;long=200,0.064112,0.241797,-0.146730,9
AAPL,MA_Cross,2,short=10;long=50,0.192372,0.451629,-0.213625,19
AAPL,MA_Cross,2,short=10;long=100,-0.044667,-0.005978,-0.276110,15
AAPL,MA_Cross,2,short=10;long=150,0.091419,0.253617,-0.269416,15
AAPL,MA_Cross,2,short=10;long=200,0.105596,0.358467,-0.158931,3
AAPL,MA_Cross,2,short=20;long=50,-0.001220,0.079802,-0.272627,17
AAPL,MA_Cross,2,short=20;long=100,0.034309,0.151452,-0.354473,11
AAPL,MA_Cross,2,short=20;long=150,0.063669,0.203912,-0.268635,9
AAPL,MA_Cross,2,short=20;long=200,0.037666,0.165771,-0.182781,3
AAPL,MA_Cross,2,short=30;long=50,-0.001689,0.082898,-0.291497,15
AAPL,MA_Cross,2,short=30;long=100,0.045061,0.171430,-0.295691,9
AAPL,MA_Cross,2,short=30;long=150,-0.053770,-0.002349,-0.352397,9
AAPL,MA_Cross,2,short=30;long=200,0.135598,0.431661,-0.144425,3
AAPL,MA_Cross,3,short=5;long=50,0.350656,0.713810,-0.213881,21
AAPL,MA_Cross,3,short=5;long=100,0.175796,0.451668,-0.159813,13
AAPL,MA_Cross,3,short=5;long=150,0.157901,0.431144,-0.182400,15
AAPL,MA_Cross,3,short=5;long=200,0.272417,0.678096,-0.146730,11
AAPL,MA_Cross,3,short=10;long=50,0.404646,0.808533,-0.213639,19
AAPL,MA_Cross,3,short=10;long=100,0.142304,0.348701,-0.276040,13
AAPL,MA_Cross,3,short=10;long=150,0.066777,0.224646,-0.213018,15
AAPL,MA_Cross,3,short=10;long=200,0.295531,0.727675,-0.158931,5
AAPL,MA_Cross,3,short=20;long=50,0.259803,0.557297,-0.272580,15
AAPL,MA_Cross,3,short=20;long=100,0.106048,0.311165,-0.228231,9
AAPL,MA_Cross,3,short=20;long=150,0.063205,0.221532,-0.221034,7
AAPL,MA_Cross,3,short=20;long=200,0.125062,0.360431,-0.182781,5
AAPL,MA_Cross,3,short=30;long=50,0.251606,0.526357,-0.291452,13
AAPL,MA_Cross,3,short=30;long=100,-0.016658,0.025917,-0.229859,7
AAPL,MA_Cross,3,short=30;long=150,0.005589,0.080828,-0.199084,7
AAPL,MA_Cross,3,short=30;long=200,0.214854,0.553802,-0.144425,5
AAPL,MA_Cross,4,short=5;long=50,0.195042,0.456502,-0.213843,25
AAPL,MA_Cross,4,short=5;long=100,0.253372,0.545750,-0.159813,15
AAPL,MA_Cross,4,short=5;long=150,0.241469,0.539826,-0.182400,15
AAPL,MA_Cross,4,short=5;long=200,0.364325,0.751442,-0.146730,11
AAPL,MA_Cross,4,short=10;long=50,0.217906,0.499541,-0.132754,23
AAPL,MA_Cross,4,short=10;long=100,0.140509,0.353767,-0.202341,11
AAPL,MA_Cross,4,short=10;long=150,0.143878,0.360066,-0.213018,15
AAPL,MA_Cross,4,short=10;long=200,0.389141,0.793511,-0.158931,5
AAPL,MA_Cross,4,short=20;long=50,0.095913,0.270869,-0.270499,17
AAPL,MA_Cross,4,short=20;long=100,0.185701,0.434563,-0.228231,9
AAPL,MA_Cross,4,short=20;long=150,0.139795,0.361443,-0.221034,7
AAPL,MA_Cross,4,short=20;long=200,0.206077,0.479041,-0.182781,5
AAPL,MA_Cross,4,short=30;long=50,0.163932,0.388420,-0.259723,13
AAPL,MA_Cross,4,short=30;long=100,0.054315,0.190927,-0.229859,7
AAPL,MA_Cross,4,short=30;long=150,0.078264,0.239052,-0.199084,7
AAPL,MA_Cross,4,short=30;long=200,0.302507,0.645266,-0.144425,5
MSFT,MA_Cross,0,short=5;long=50,-0.076294,-0.043487,-0.319569,34
MSFT,MA_Cross,0,short=5;long=100,0.300314,0.728523,-0.140115,6
MSFT,MA_Cross,0,short=5;long=150,-0.093397,-0.844276,-0.104765,6
MSFT,MA_Cross,0,short=5;long=200,-0.078003,-0.742581,-0.091670,2
MSFT,MA_Cross,0,short=10;long=50,-0.156619,-0.212456,-0.353943,21
MSFT,MA_Cross,0,short=10;long=100,0.242722,0.606479,-0.178200,4
MSFT,MA_Cross,0,short=10;long=150,-0.078939,-0.878352,-0.099159,2
MSFT,MA_Cross,0,short=10;long=200,-0.096836,-0.946942,-0.099209,2
MSFT,MA_Cross,0,short=20;long=50,0.068155,0.210795,-0.312912,19
MSFT,MA_Cross,0,short=20;long=100,-0.156766,-1.139838,-0.157533,2
MSFT,MA_Cross,0,short=20;long=150,-0.088335,-1.147962,-0.088335,2
MSFT,MA_Cross,0,short=20;long=200,0.000000,0.000000,0.000000,0
MSFT,MA_Cross,0,short=30;long=50,-0.029959,0.038632,-0.317001,17
MSFT,MA_Cross,0,short=30;long=100,-0.151627,-1.131162,-0.151627,2
MSFT,MA_Cross,0,short=30;long=150,0.000000,0.000000,0.000000,0
MSFT,MA_Cross,0,short=30;long=200,0.000000,0.000000,0.000000,0
MSFT,MA_Cross,1,short=5;long=50,0.018099,0.122816,-0.290609,33
MSFT,MA_Cross,1,short=5;long=100,0.742470,1.196154,-0.162027,7
MSFT,MA_Cross,1,short=5;long=150,0.122191,0.430982,-0.166697,9
MSFT,MA_Cross,1,short=5;long=200,0.155780,0.540243,-0.141567,5
MSFT,MA_Cross,1,short=10;long=50,-0.001256,0.084196,-0.287997,21
MSFT,MA_Cross,1,short=10;long=100,0.685769,1.127821,-0.185007,5
MSFT,MA_Cross,1,short=10;long=150,0.132107,0.465736,-0.180662,3
MSFT,MA_Cross,1,short=10;long=200,0.066158,0.267157,-0.187995,5
MSFT,MA_Cross,1,short=20;long=50,0.064667,0.205745,-0.388312,19
MSFT,MA_Cross,1,short=20;long=100,0.092237,0.329500,-0.193325,3
MSFT,MA_Cross,1,short=20;long=150,0.119241,0.446325,-0.173857,3
MSFT,MA_Cross,1,short=20;long=200,0.259543,0.930418,-0.063874,1
MSFT,MA_Cross,1,short=30;long=50,-0.008698,0.071556,-0.373088,17
MSFT,MA_Cross,1,short=30;long=100,0.042639,0.184211,-0.233920,3
MSFT,MA_Cross,1,short=30;long=150,0.309919,1.065747,-0.054559,1
MSFT,MA_Cross,1,short=30;long=200,0.336197,1.170722,-0.053792,1
MSFT,MA_Cross,2,short=5;long=50,0.249040,0.494791,-0.290550,29
MSFT,MA_Cross,2,short=5;long=100,0.235367,0.593673,-0.161062,11
MSFT,MA_Cross,2,short=5;long=150,0.226031,0.583836,-0.166697,9
MSFT,MA_Cross,2,short=5;long=200,0.262540,0.667432,-0.141567,5
MSFT,MA_Cross,2,short=10;long=50,0.167699,0.376910,-0.288225,19
MSFT,MA_Cross,2,short=10;long=100,0.228593,0.595708,-0.171711,7
MSFT,MA_Cross,2,short=10;long=150,0.238219,0.610890,-0.180662,3
MSFT,MA_Cross,2,short=10;long=200,0.164157,0.459144,-0.187995,5
MSFT,MA_Cross,2,short=20;long=50,0.011358,0.107893,-0.388185,17
MSFT,MA_Cross,2,short=20;long=100,0.067239,0.234465,-0.193325,7
MSFT,MA_Cross,2,short=20;long=150,0.222756,0.595944,-0.173857,3
MSFT,MA_Cross,2,short=20;long=200,0.373767,0.947386,-0.124880,1
MSFT,MA_Cross,2,short=30;long=50,-0.092850,-0.105971,-0.373308,17
MSFT,MA_Cross,2,short=30;long=100,0.065293,0.231102,-0.233920,5
MSFT,MA_Cross,2,short=30;long=150,0.432255,1.043450,-0.128390,1
MSFT,MA_Cross,2,short=30;long=200,0.459182,1.115552,-0.126639,1
MSFT,MA_Cross,3,short=5;long=50,0.337268,0.638706,-0.290563,21
MSFT,MA_Cross,3,short=5;long=100,0.480995,0.937527,-0.161062,13
MSFT,MA_Cross,3,short=5;long=150,0.536303,1.022267,-0.166697,9
MSFT,MA_Cross,3,short=5;long=200,0.581539,1.098482,-0.141567,5
MSFT,MA_Cross,3,short=10;long=50,0.317122,0.619992,-0.288169,15
MSFT,MA_Cross,3,short=10;long=100,0.448809,0.907213,-0.171711,11
MSFT,MA_Cross,3,short=10;long=150,0.555278,1.049586,-0.180662,3
MSFT,MA_Cross,3,short=10;long=200,0.456977,0.918540,-0.187995,5
MSFT,MA_Cross,3,short=20;long=50,0.068998,0.215268,-0.388183,15
MSFT,MA_Cross,3,short=20;long=100,0.333879,0.726718,-0.193325,7
MSFT,MA_Cross,3,short=20;long=150,0.532059,1.043226,-0.173857,3
MSFT,MA_Cross,3,short=20;long=200,0.715066,1.351380,-0.124880,1
MSFT,MA_Cross,3,short=30;long=50,0.018256,0.120717,-0.373091,15
MSFT,MA_Cross,3,short=30;long=100,0.329994,0.726723,-0.233920,5
MSFT,MA_Cross,3,short=30;long=150,0.797794,1.433941,-0.128390,1
MSFT,MA_Cross,3,short=30;long=200,0.826661,1.496337,-0.126639,1
MSFT,MA_Cross,4,short=5;long=50,0.066129,0.208957,-0.224417,26
MSFT,MA_Cross,4,short=5;long=100,0.278820,0.589987,-0.161062,19
MSFT,MA_Cross,4,short=5;long=150,0.137355,0.341907,-0.262794,18
MSFT,MA_Cross,4,short=5;long=200,0.188900,0.429617,-0.256286,15
MSFT,MA_Cross,4,short=10;long=50,0.107607,0.284138,-0.215850,19
MSFT,MA_Cross,4,short=10;long=100,0.142605,0.359089,-0.219810,15
MSFT,MA_Cross,4,short=10;long=150,0.205210,0.465532,-0.233365,9
MSFT,MA_Cross,4,short=10;long=200,0.162853,0.387683,-0.210418,13
MSFT,MA_Cross,4,short=20;long=50,-0.068812,-0.052816,-0.333697,17
MSFT,MA_Cross,4,short=20;long=100,0.139382,0.356944,-0.193325,9
MSFT,MA_Cross,4,short=20;long=150,0.273172,0.591531,-0.177853,7
MSFT,MA_Cross,4,short=20;long=200,0.503296,0.954739,-0.148614,3
MSFT,MA_Cross,4,short=30;long=50,-0.117524,-0.150942,-0.315446,17
MSFT,MA_Cross,4,short=30;long=100,0.182843,0.438927,-0.233920,7
MSFT,MA_Cross,4,short=30;long=150,0.494597,0.949103,-0.177512,3
MSFT,MA_Cross,4,short=30;long=200,0.531903,0.970401,-0.170295,3
SPY,MA_Cross,0,short=5;long=50,0.128672,0.380265,-0.169973,18
SPY,MA_Cross,0,short=5;long=100,0.136411,0.417583,-0.214714,14
SPY,MA_Cross,0,short=5;long=150,-0.093091,-0.838920,-0.093091,6
SPY,MA_Cross,0,short=5;long=200,-0.038186,-0.447240,-0.054895,4
SPY,MA_Cross,0,short=10;long=50,0.180528,0.493534,-0.158805,14
SPY,MA_Cross,0,short=10;long=100,0.228542,0.635270,-0.192799,10
SPY,MA_Cross,0,short=10;long=150,-0.124979,-1.013912,-0.135385,6
SPY,MA_Cross,0,short=10;long=200,-0.074093,-0.838714,-0.097157,4
SPY,MA_Cross,0,short=20;long=50,0.139041,0.398965,-0.262563,11
SPY,MA_Cross,0,short=20;long=100,0.223485,0.612537,-0.198732,5
SPY,MA_Cross,0,short=20;long=150,-0.053087,-0.596146,-0.069823,2
SPY,MA_Cross,0,short=20;long=200,0.019829,0.504426,-0.011805,2
SPY,MA_Cross,0,short=30;long=50,0.094334,0.293709,-0.303712,11
SPY,MA_Cross,0,short=30;long=100,0.182582,0.520944,-0.201524,5
SPY,MA_Cross,0,short=30;long=150,-0.031315,-0.398293,-0.059574,1
SPY,MA_Cross,0,short=30;long=200,0.000000,0.000000,0.000000,0
SPY,MA_Cross,1,short=5;long=50,0.028323,0.138776,-0.212940,21
SPY,MA_Cross,1,short=5;long=100,0.119518,0.408821,-0.236992,15
SPY,MA_Cross,1,short=5;long=150,-0.009116,-0.015927,-0.117789,9
SPY,MA_Cross,1,short=5;long=200,0.027106,0.187061,-0.096706,7
SPY,MA_Cross,1,short=10;long=50,0.146999,0.459331,-0.133925,15
SPY,MA_Cross,1,short=10;long=100,-0.071773,-0.266713,-0.204936,11
SPY,MA_Cross,1,short=10;long=150,-0.036143,-0.142745,-0.159576,11
SPY,MA_Cross,1,short=10;long=200,0.024723,0.168050,-0.112362,7
SPY,MA_Cross,1,short=20;long=50,0.003098,0.067780,-0.294925,13
SPY,MA_Cross,1,short=20;long=100,-0.073355,-0.319916,-0.162179,7
SPY,MA_Cross,1,short=20;long=150,0.033191,0.213641,-0.103531,3
SPY,MA_Cross,1,short=20;long=200,0.108632,0.691159,-0.071497,3
SPY,MA_Cross,1,short=30;long=50,-0.043964,-0.067192,-0.322192,13
SPY,MA_Cross,1,short=30;long=100,-0.009954,-0.006699,-0.159221,3
SPY,MA_Cross,1,short=30;long=150,0.046612,0.286522,-0.098398,3
SPY,MA_Cross,1,short=30;long=200,0.077723,0.539521,-0.068011,1
SPY,MA_Cross,2,short=5;long=50,-0.083522,-0.264406,-0.212891,23
SPY,MA_Cross,2,short=5;long=100,-0.077515,-0.260494,-0.236819,15
SPY,MA_Cross,2,short=5;long=150,-0.023872,-0.068653,-0.117789,13
SPY,MA_Cross,2,short=5;long=200,0.035689,0.201223,-0.096706,9
SPY,MA_Cross,2,short=10;long=50,0.010549,0.084110,-0.133785,15
SPY,MA_Cross,2,short=10;long=100,-0.074563,-0.249958,-0.204936,13
SPY,MA_Cross,2,short=10;long=150,-0.069688,-0.263964,-0.159576,15
SPY,MA_Cross,2,short=10;long=200,0.025586,0.151432,-0.112362,9
SPY,MA_Cross,2,short=20;long=50,-0.168494,-0.588717,-0.283716,13
SPY,MA_Cross,2,short=20;long=100,-0.090494,-0.358062,-0.162179,9
SPY,MA_Cross,2,short=20;long=150,0.006491,0.065879,-0.103531,5
SPY,MA_Cross,2,short=20;long=200,0.169703,0.793309,-0.098050,3
SPY,MA_Cross,2,short=30;long=50,-0.205691,-0.702493,-0.311183,13
SPY,MA_Cross,2,short=30;long=100,-0.010649,-0.001225,-0.159221,5
SPY,MA_Cross,2,short=30;long=150,0.008127,0.073496,-0.098398,5
SPY,MA_Cross,2,short=30;long=200,0.136998,0.677651,-0.097900,1
SPY,MA_Cross,3,short=5;long=50,0.050406,0.212973,-0.212891,25
SPY,MA_Cross,3,short=5;long=100,0.083883,0.323380,-0.236819,15
SPY,MA_Cross,3,short=5;long=150,0.146969,0.571188,-0.117789,13
SPY,MA_Cross,3,short=5;long=200,0.216833,0.838803,-0.096706,9
SPY,MA_Cross,3,short=10;long=50,0.133258,0.460937,-0.133785,17
SPY,MA_Cross,3,short=10;long=100,0.086835,0.333666,-0.204936,13
SPY,MA_Cross,3,short=10;long=150,0.094285,0.378881,-0.159576,15
SPY,MA_Cross,3,short=10;long=200,0.205012,0.777117,-0.112362,9
SPY,MA_Cross,3,short=20;long=50,-0.067363,-0.171450,-0.283716,15
SPY,MA_Cross,3,short=20;long=100,0.067470,0.287287,-0.162179,9
SPY,MA_Cross,3,short=20;long=150,0.182483,0.720373,-0.103531,5
SPY,MA_Cross,3,short=20;long=200,0.374026,1.355670,-0.098050,3
SPY,MA_Cross,3,short=30;long=50,-0.096065,-0.252703,-0.311183,15
SPY,MA_Cross,3,short=30;long=100,0.161910,0.583801,-0.159221,5
SPY,MA_Cross,3,short=30;long=150,0.183261,0.717841,-0.098398,5
SPY,MA_Cross,3,short=30;long=200,0.335312,1.268076,-0.097900,1
SPY,MA_Cross,4,short=5;long=50,-0.020004,-0.009117,-0.203055,32
SPY,MA_Cross,4,short=5;long=100,0.123089,0.428879,-0.171231,15
SPY,MA_Cross,4,short=5;long=150,0.221216,0.697548,-0.117789,13
SPY,MA_Cross,4,short=5;long=200,0.295557,0.919139,-0.096706,9
SPY,MA_Cross,4,short=10;long=50,0.105917,0.367225,-0.114322,18
SPY,MA_Cross,4,short=10;long=100,0.168660,0.552240,-0.140475,11
SPY,MA_Cross,4,short=10;long=150,0.165547,0.534127,-0.159576,15
SPY,MA_Cross,4,short=10;long=200,0.282990,0.869609,-0.112362,9
SPY,MA_Cross,4,short=20;long=50,0.005618,0.071504,-0.225365,15
SPY,MA_Cross,4,short=20;long=100,0.136120,0.455414,-0.162179,9
SPY,MA_Cross,4,short=20;long=150,0.258969,0.821367,-0.103531,5
SPY,MA_Cross,4,short=20;long=200,0.462823,1.343034,-0.098050,3
SPY,MA_Cross,4,short=30;long=50,0.015856,0.103181,-0.266729,15
SPY,MA_Cross,4,short=30;long=100,0.236903,0.707054,-0.159221,5
SPY,MA_Cross,4,short=30;long=150,0.259373,0.819652,-0.098398,5
SPY,MA_Cross,4,short=30;long=200,0.421498,1.266233,-0.097900,1
TSLA,MA_Cross,0,short=5;long=50,3.853904,1.373790,-0.335860,16
TSLA,MA_Cross,0,short=5;long=100,-0.174807,-0.122585,-0.369892,14
TSLA,MA_Cross,0,short=5;long=150,-0.138798,-0.042178,-0.468128,10
TSLA,MA_Cross,0,short=5;long=200,0.027073,0.175519,-0.476949,12
TSLA,MA_Cross,0,short=10;long=50,2.020264,1.115970,-0.349632,10
TSLA,MA_Cross,0,short=10;long=100,-0.333384,-0.350466,-0.561326,10
TSLA,MA_Cross,0,short=10;long=150,-0.196071,-0.119530,-0.538525,6
TSLA,MA_Cross,0,short=10;long=200,-0.125413,-0.001812,-0.505518,10
TSLA,MA_Cross,0,short=20;long=50,1.522325,0.902008,-0.462813,14
TSLA,MA_Cross,0,short=20;long=100,-0.118672,-0.010965,-0.535156,6
TSLA,MA_Cross,0,short=20;long=150,-0.244439,-0.201381,-0.574029,6
TSLA,MA_Cross,0,short=20;long=200,-0.127313,-0.005878,-0.527705,4
TSLA,MA_Cross,0,short=30;long=50,2.517694,1.129920,-0.445543,12
TSLA,MA_Cross,0,short=30;long=100,-0.285649,-0.239517,-0.615656,6
TSLA,MA_Cross,0,short=30;long=150,-0.342983,-0.336998,-0.615542,6
TSLA,MA_Cross,0,short=30;long=200,-0.051328,0.101379,-0.474861,4
TSLA,MA_Cross,1,short=5;long=50,1.915401,1.184984,-0.307133,17
TSLA,MA_Cross,1,short=5;long=100,-0.082137,0.063693,-0.539258,19
TSLA,MA_Cross,1,short=5;long=150,0.276885,0.425270,-0.477700,11
TSLA,MA_Cross,1,short=5;long=200,0.320524,0.457899,-0.476949,13
TSLA,MA_Cross,1,short=10;long=50,0.619307,0.707534,-0.288948,11
TSLA,MA_Cross,1,short=10;long=100,-0.173892,-0.034673,-0.647853,13
TSLA,MA_Cross,1,short=10;long=150,0.207923,0.361264,-0.538525,7
TSLA,MA_Cross,1,short=10;long=200,0.126107,0.282826,-0.505518,11
TSLA,MA_Cross,1,short=20;long=50,0.294815,0.421522,-0.486730,15
TSLA,MA_Cross,1,short=20;long=100,0.004946,0.165620,-0.633038,9
TSLA,MA_Cross,1,short=20;long=150,0.034908,0.184621,-0.574029,7
TSLA,MA_Cross,1,short=20;long=200,-0.011484,0.140449,-0.527705,5
TSLA,MA_Cross,1,short=30;long=50,0.112264,0.278939,-0.543847,12
TSLA,MA_Cross,1,short=30;long=100,-0.371486,-0.326932,-0.707615,8
TSLA,MA_Cross,1,short=30;long=150,-0.154178,-0.032371,-0.615542,7
TSLA,MA_Cross,1,short=30;long=200,0.030235,0.192509,-0.498702,5
TSLA,MA_Cross,2,short=5;long=50,0.432237,0.525796,-0.348442,19
TSLA,MA_Cross,2,short=5;long=100,-0.297926,-0.165360,-0.539258,21
TSLA,MA_Cross,2,short=5;long=150,-0.034727,0.132339,-0.477700,15
TSLA,MA_Cross,2,short=5;long=200,-0.054017,0.120874,-0.514583,17
TSLA,MA_Cross,2,short=10;long=50,0.029186,0.186577,-0.394763,17
TSLA,MA_Cross,2,short=10;long=100,-0.395825,-0.287124,-0.647853,15
TSLA,MA_Cross,2,short=10;long=150,-0.155422,0.003644,-0.538525,11
TSLA,MA_Cross,2,short=10;long=200,-0.178435,-0.009515,-0.546672,13
TSLA,MA_Cross,2,short=20;long=50,-0.268414,-0.154410,-0.489355,17
TSLA,MA_Cross,2,short=20;long=100,-0.272249,-0.118986,-0.633038,11
TSLA,MA_Cross,2,short=20;long=150,-0.222678,-0.085960,-0.584083,9
TSLA,MA_Cross,2,short=20;long=200,-0.253941,-0.100411,-0.599846,7
TSLA,MA_Cross,2,short=30;long=50,-0.355314,-0.330897,-0.615596,13
TSLA,MA_Cross,2,short=30;long=100,-0.418553,-0.405283,-0.707615,9
TSLA,MA_Cross,2,short=30;long=150,-0.290893,-0.158078,-0.647514,8
TSLA,MA_Cross,2,short=30;long=200,-0.087228,0.103936,-0.585873,7
TSLA,MA_Cross,3,short=5;long=50,0.438108,0.554085,-0.433776,17
TSLA,MA_Cross,3,short=5;long=100,0.145228,0.303361,-0.539327,17
TSLA,MA_Cross,3,short=5;long=150,0.097669,0.261112,-0.477700,17
TSLA,MA_Cross,3,short=5;long=200,-0.278755,-0.340921,-0.420598,15
TSLA,MA_Cross,3,short=10;long=50,0.051372,0.197255,-0.486415,15
TSLA,MA_Cross,3,short=10;long=100,-0.168845,0.016632,-0.647724,15
TSLA,MA_Cross,3,short=10;long=150,-0.111229,0.055127,-0.538525,13
TSLA,MA_Cross,3,short=10;long=200,-0.387411,-0.573670,-0.472540,10
TSLA,MA_Cross,3,short=20;long=50,-0.172276,-0.076815,-0.427793,15
TSLA,MA_Cross,3,short=20;long=100,-0.146784,0.039583,-0.659268,15
TSLA,MA_Cross,3,short=20;long=150,-0.234193,-0.100518,-0.584083,10
TSLA,MA_Cross,3,short=20;long=200,-0.465401,-0.719416,-0.525782,6
TSLA,MA_Cross,3,short=30;long=50,-0.209723,-0.091369,-0.704454,13
TSLA,MA_Cross,3,short=30;long=100,-0.317091,-0.217952,-0.721701,11
TSLA,MA_Cross,3,short=30;long=150,-0.290893,-0.158078,-0.647514,8
TSLA,MA_Cross,3,short=30;long=200,-0.267810,-0.369765,-0.334494,6
TSLA,MA_Cross,4,short=5;long=50,0.534283,0.569918,-0.459455,21
TSLA,MA_Cross,4,short=5;long=100,0.178237,0.335720,-0.534981,15
TSLA,MA_Cross,4,short=5;long=150,0.514549,0.552510,-0.368517,13
TSLA,MA_Cross,4,short=5;long=200,0.065234,0.237524,-0.526809,17
TSLA,MA_Cross,4,short=10;long=50,0.211308,0.357057,-0.486415,19
TSLA,MA_Cross,4,short=10;long=100,0.110801,0.286586,-0.526990,11
TSLA,MA_Cross,4,short=10;long=150,0.240386,0.377140,-0.453247,11
TSLA,MA_Cross,4,short=10;long=200,-0.083808,0.100737,-0.593589,13
TSLA,MA_Cross,4,short=20;long=50,0.182336,0.336235,-0.427793,17
TSLA,MA_Cross,4,short=20;long=100,-0.009456,0.190569,-0.549484,13
TSLA,MA_Cross,4,short=20;long=150,0.014517,0.192653,-0.505941,9
TSLA,MA_Cross,4,short=20;long=200,-0.183651,0.002164,-0.648298,7
TSLA,MA_Cross,4,short=30;long=50,-0.381106,-0.252183,-0.672088,13
TSLA,MA_Cross,4,short=30;long=100,-0.161094,0.020007,-0.606098,9
TSLA,MA_Cross,4,short=30;long=150,-0.113498,0.076247,-0.588550,7
TSLA,MA_Cross,4,short=30;long=200,0.158556,0.312557,-0.453177,7
BTC-USD,MA_Cross,0,short=5;long=50,4.750657,1.608765,-0.276892,16
BTC-USD,MA_Cross,0,short=5;long=100,4.949439,1.586765,-0.269731,6
BTC-USD,MA_Cross,0,short=5;long=150,0.094583,0.250479,-0.255363,2
BTC-USD,MA_Cross,0,short=5;long=200,-0.168247,-0.456189,-0.218155,10
BTC-USD,MA_Cross,0,short=10;long=50,4.669890,1.643463,-0.261021,12
BTC-USD,MA_Cross,0,short=10;long=100,4.942150,1.572566,-0.261321,4
BTC-USD,MA_Cross,0,short=10;long=150,0.057445,0.193981,-0.288688,2
BTC-USD,MA_Cross,0,short=10;long=200,-0.151095,-0.258732,-0.235813,6
BTC-USD,MA_Cross,0,short=20;long=50,4.415421,1.589880,-0.244359,10
BTC-USD,MA_Cross,0,short=20;long=100,3.079937,1.294872,-0.388298,4
BTC-USD,MA_Cross,0,short=20;long=150,-0.032511,-0.042854,-0.181244,2
BTC-USD,MA_Cross,0,short=20;long=200,-0.126933,-0.336862,-0.216090,4
BTC-USD,MA_Cross,0,short=30;long=50,4.558493,1.603485,-0.243481,10
BTC-USD,MA_Cross,0,short=30;long=100,3.930538,1.433944,-0.396699,4
BTC-USD,MA_Cross,0,short=30;long=150,-0.005227,0.040063,-0.180307,2
BTC-USD,MA_Cross,0,short=30;long=200,-0.057922,-0.120291,-0.206242,2
BTC-USD,MA_Cross,1,short=5;long=50,2.400543,1.223746,-0.353007,20
BTC-USD,MA_Cross,1,short=5;long=100,3.887224,1.484438,-0.324458,6
BTC-USD,MA_Cross,1,short=5;long=150,0.048541,0.179772,-0.271053,6
BTC-USD,MA_Cross,1,short=5;long=200,-0.168247,-0.456189,-0.218155,10
BTC-USD,MA_Cross,1,short=10;long=50,2.567019,1.272865,-0.321728,16
BTC-USD,MA_Cross,1,short=10;long=100,0.132852,0.311191,-0.282338,4
BTC-USD,MA_Cross,1,short=10;long=150,-0.007646,0.092777,-0.298510,4
BTC-USD,MA_Cross,1,short=10;long=200,-0.151095,-0.258732,-0.235813,6
BTC-USD,MA_Cross,1,short=20;long=50,2.419576,1.242820,-0.334389,14
BTC-USD,MA_Cross,1,short=20;long=100,2.540338,1.177489,-0.404290,6
BTC-USD,MA_Cross,1,short=20;long=150,-0.032511,-0.042854,-0.181244,2
BTC-USD,MA_Cross,1,short=20;long=200,-0.126933,-0.336862,-0.216090,4
BTC-USD,MA_Cross,1,short=30;long=50,2.742365,1.296356,-0.299312,12
BTC-USD,MA_Cross,1,short=30;long=100,3.184778,1.295936,-0.416038,6
BTC-USD,MA_Cross,1,short=30;long=150,-0.005227,0.040063,-0.180307,2
BTC-USD,MA_Cross,1,short=30;long=200,-0.057922,-0.120291,-0.206242,2
BTC-USD,MA_Cross,2,short=5;long=50,2.212948,1.183503,-0.395985,18
BTC-USD,MA_Cross,2,short=5;long=100,3.887224,1.484438,-0.324458,6
BTC-USD,MA_Cross,2,short=5;long=150,0.048541,0.179772,-0.271053,6
BTC-USD,MA_Cross,2,short=5;long=200,-0.168247,-0.456189,-0.218155,10
BTC-USD,MA_Cross,2,short=10;long=50,2.531454,1.269469,-0.333055,16
BTC-USD,MA_Cross,2,short=10;long=100,0.132852,0.311191,-0.282338,4
BTC-USD,MA_Cross,2,short=10;long=150,-0.007646,0.092777,-0.298510,4
BTC-USD,MA_Cross,2,short=10;long=200,-0.151095,-0.258732,-0.235813,6
BTC-USD,MA_Cross,2,short=20;long=50,2.270726,1.190599,-0.449406,14
BTC-USD,MA_Cross,2,short=20;long=100,-0.118031,-0.084012,-0.393680,4
BTC-USD,MA_Cross,2,short=20;long=150,-0.032511,-0.042854,-0.181244,2
BTC-USD,MA_Cross,2,short=20;long=200,-0.126933,-0.336862,-0.216090,4
BTC-USD,MA_Cross,2,short=30;long=50,2.619868,1.264425,-0.385019,12
BTC-USD,MA_Cross,2,short=30;long=100,-0.126355,-0.089764,-0.390240,4
BTC-USD,MA_Cross,2,short=30;long=150,-0.005227,0.040063,-0.180307,2
BTC-USD,MA_Cross,2,short=30;long=200,-0.057922,-0.120291,-0.206242,2
BTC-USD,MA_Cross,3,short=5;long=50,-0.184105,-0.196733,-0.485463,19
BTC-USD,MA_Cross,3,short=5;long=100,0.112337,0.273001,-0.356041,7
BTC-USD,MA_Cross,3,short=5;long=150,0.138754,0.311552,-0.279956,7
BTC-USD,MA_Cross,3,short=5;long=200,-0.097725,-0.202806,-0.224494,11
BTC-USD,MA_Cross,3,short=10;long=50,-0.033895,0.071684,-0.449633,17
BTC-USD,MA_Cross,3,short=10;long=100,0.117284,0.282153,-0.347847,7
BTC-USD,MA_Cross,3,short=10;long=150,0.074621,0.219524,-0.309938,5
BTC-USD,MA_Cross,3,short=10;long=200,-0.074700,-0.070733,-0.235813,7
BTC-USD,MA_Cross,3,short=20;long=50,-0.242539,-0.294085,-0.512126,17
BTC-USD,MA_Cross,3,short=20;long=100,-0.055886,0.024791,-0.393680,5
BTC-USD,MA_Cross,3,short=20;long=150,-0.010398,0.029715,-0.183783,3
BTC-USD,MA_Cross,3,short=20;long=200,-0.117925,-0.291033,-0.224913,5
BTC-USD,MA_Cross,3,short=30;long=50,-0.011787,0.094342,-0.445274,13
BTC-USD,MA_Cross,3,short=30;long=100,-0.109770,-0.058678,-0.390240,5
BTC-USD,MA_Cross,3,short=30;long=150,0.006783,0.078100,-0.180307,3
BTC-USD,MA_Cross,3,short=30;long=200,-0.051974,-0.095352,-0.213974,3
BTC-USD,MA_Cross,4,short=5;long=50,-0.091284,-0.013429,-0.502375,20
BTC-USD,MA_Cross,4,short=5;long=100,0.158032,0.318949,-0.356041,10
BTC-USD,MA_Cross,4,short=5;long=150,0.244931,0.414867,-0.293903,7
BTC-USD,MA_Cross,4,short=5;long=200,-0.018092,0.059553,-0.238637,11
BTC-USD,MA_Cross,4,short=10;long=50,-0.042963,0.072764,-0.443490,18
BTC-USD,MA_Cross,4,short=10;long=100,0.239038,0.408901,-0.360746,8
BTC-USD,MA_Cross,4,short=10;long=150,0.180799,0.342163,-0.324186,5
BTC-USD,MA_Cross,4,short=10;long=200,0.004934,0.114068,-0.250141,7
BTC-USD,MA_Cross,4,short=20;long=50,-0.344342,-0.430161,-0.512126,20
BTC-USD,MA_Cross,4,short=20;long=100,0.062030,0.206284,-0.401963,6
BTC-USD,MA_Cross,4,short=20;long=150,0.095780,0.251564,-0.266691,3
BTC-USD,MA_Cross,4,short=20;long=200,-0.038292,0.018702,-0.290886,5
BTC-USD,MA_Cross,4,short=30;long=50,-0.056467,0.052740,-0.445274,16
BTC-USD,MA_Cross,4,short=30;long=100,-0.018454,0.107992,-0.433292,6
BTC-USD,MA_Cross,4,short=30;long=150,0.112960,0.278544,-0.254202,3
BTC-USD,MA_Cross,4,short=30;long=200,0.027659,0.138578,-0.279008,3
BTC-USD,MA_Cross,5,short=5;long=50,-0.062534,0.004576,-0.449801,19
BTC-USD,MA_Cross,5,short=5;long=100,-0.160931,-0.259759,-0.263596,10
BTC-USD,MA_Cross,5,short=5;long=150,0.090764,0.250988,-0.181739,8
BTC-USD,MA_Cross,5,short=5;long=200,0.170210,0.360391,-0.218914,6
BTC-USD,MA_Cross,5,short=10;long=50,-0.057982,0.014179,-0.373806,19
BTC-USD,MA_Cross,5,short=10;long=100,-0.142832,-0.206634,-0.236994,8
BTC-USD,MA_Cross,5,short=10;long=150,0.128913,0.307686,-0.171959,4
BTC-USD,MA_Cross,5,short=10;long=200,0.125930,0.291073,-0.213723,6
BTC-USD,MA_Cross,5,short=20;long=50,-0.375426,-0.578233,-0.466686,21
BTC-USD,MA_Cross,5,short=20;long=100,-0.086704,-0.105383,-0.202687,6
BTC-USD,MA_Cross,5,short=20;long=150,0.135204,0.323761,-0.171176,2
BTC-USD,MA_Cross,5,short=20;long=200,0.012342,0.111359,-0.279278,4
BTC-USD,MA_Cross,5,short=30;long=50,-0.232217,-0.265314,-0.443344,17
BTC-USD,MA_Cross,5,short=30;long=100,-0.142835,-0.227825,-0.235501,6
BTC-USD,MA_Cross,5,short=30;long=150,0.126417,0.308011,-0.172786,2
BTC-USD,MA_Cross,5,short=30;long=200,0.114529,0.285568,-0.173444,2
BTC-USD,MA_Cross,6,short=5;long=50,0.480313,0.647180,-0.390684,21
BTC-USD,MA_Cross,6,short=5;long=100,0.317268,0.547321,-0.263596,11
BTC-USD,MA_Cross,6,short=5;long=150,0.796032,0.991341,-0.181739,9
BTC-USD,MA_Cross,6,short=5;long=200,1.149792,1.218116,-0.160533,3
BTC-USD,MA_Cross,6,short=10;long=50,0.274027,0.467248,-0.353504,19
BTC-USD,MA_Cross,6,short=10;long=100,0.308307,0.529658,-0.236994,9
BTC-USD,MA_Cross,6,short=10;long=150,0.798553,0.965149,-0.171959,5
BTC-USD,MA_Cross,6,short=10;long=200,0.896604,1.112876,-0.159453,3
BTC-USD,MA_Cross,6,short=20;long=50,-0.089405,0.001363,-0.440473,21
BTC-USD,MA_Cross,6,short=20;long=100,0.364435,0.622628,-0.202687,7
BTC-USD,MA_Cross,6,short=20;long=150,0.798173,0.989353,-0.171176,3
BTC-USD,MA_Cross,6,short=20;long=200,0.698711,0.897137,-0.172786,3
BTC-USD,MA_Cross,6,short=30;long=50,0.050848,0.191638,-0.444486,19
BTC-USD,MA_Cross,6,short=30;long=100,0.240324,0.453928,-0.235501,7
BTC-USD,MA_Cross,6,short=30;long=150,0.658281,0.856097,-0.174155,3
BTC-USD,MA_Cross,6,short=30;long=200,0.646393,0.832150,-0.180530,3
BTC-USD,MA_Cross,7,short=5;long=50,1.031427,0.992449,-0.294926,18
BTC-USD,MA_Cross,7,short=5;long=100,0.977555,0.942475,-0.254411,12
BTC-USD,MA_Cross,7,short=5;long=150,1.118936,1.037758,-0.182003,5
BTC-USD,MA_Cross,7,short=5;long=200,1.530583,1.176917,-0.198938,3
BTC-USD,MA_Cross,7,short=10;long=50,0.797914,0.849813,-0.278476,16
BTC-USD,MA_Cross,7,short=10;long=100,0.894836,0.874292,-0.234344,10
BTC-USD,MA_Cross,7,short=10;long=150,1.149238,1.062547,-0.178841,3
BTC-USD,MA_Cross,7,short=10;long=200,1.182197,1.095423,-0.176502,3
BTC-USD,MA_Cross,7,short=20;long=50,0.045258,0.182101,-0.309396,17
BTC-USD,MA_Cross,7,short=20;long=100,1.032363,1.011245,-0.193014,7
BTC-USD,MA_Cross,7,short=20;long=150,1.083766,1.002751,-0.183675,3
BTC-USD,MA_Cross,7,short=20;long=200,0.984304,0.928997,-0.191540,3
BTC-USD,MA_Cross,7,short=30;long=50,0.339689,0.491186,-0.347320,17
BTC-USD,MA_Cross,7,short=30;long=100,0.569755,0.720339,-0.245819,7
BTC-USD,MA_Cross,7,short=30;long=150,0.943874,0.897389,-0.194933,3
BTC-USD,MA_Cross,7,short=30;long=200,0.931986,0.881340,-0.195954,3
BTC-USD,MA_Cross,8,short=5;long=50,1.025217,1.019496,-0.264068,21
BTC-USD,MA_Cross,8,short=5;long=100,1.041884,0.965770,-0.254411,15
BTC-USD,MA_Cross,8,short=5;long=150,1.046571,0.984783,-0.220879,11
BTC-USD,MA_Cross,8,short=5;long=200,0.976704,0.878975,-0.379242,9
BTC-USD,MA_Cross,8,short=10;long=50,0.746826,0.814540,-0.346548,17
BTC-USD,MA_Cross,8,short=10;long=100,0.798957,0.799402,-0.323722,13
BTC-USD,MA_Cross,8,short=10;long=150,0.987277,0.952352,-0.257994,9
BTC-USD,MA_Cross,8,short=10;long=200,0.773309,0.808324,-0.346359,9
BTC-USD,MA_Cross,8,short=20;long=50,0.316745,0.485265,-0.257203,19
BTC-USD,MA_Cross,8,short=20;long=100,0.918264,0.920909,-0.307005,11
BTC-USD,MA_Cross,8,short=20;long=150,1.011003,0.949742,-0.244471,9
BTC-USD,MA_Cross,8,short=20;long=200,1.029746,0.903417,-0.246596,5
BTC-USD,MA_Cross,8,short=30;long=50,0.719994,0.799441,-0.248350,21
BTC-USD,MA_Cross,8,short=30;long=100,0.781397,0.875502,-0.245819,9
BTC-USD,MA_Cross,8,short=30;long=150,0.874258,0.845266,-0.233870,5
BTC-USD,MA_Cross,8,short=30;long=200,0.963220,0.851156,-0.252279,5
BTC-USD,MA_Cross,9,short=5;long=50,1.081458,1.089376,-0.257872,22
BTC-USD,MA_Cross,9,short=5;long=100,1.067625,1.057774,-0.240054,12
BTC-USD,MA_Cross,9,short=5;long=150,1.122838,1.025118,-0.235675,10
BTC-USD,MA_Cross,9,short=5;long=200,0.897117,0.864186,-0.364031,7
BTC-USD,MA_Cross,9,short=10;long=50,0.871860,0.941632,-0.346095,16
BTC-USD,MA_Cross,9,short=10;long=100,0.510875,0.693979,-0.341465,10
BTC-USD,MA_Cross,9,short=10;long=150,1.111980,1.017428,-0.256091,8
BTC-USD,MA_Cross,9,short=10;long=200,0.928913,0.877772,-0.340289,7
BTC-USD,MA_Cross,9,short=20;long=50,0.511842,0.672200,-0.348661,16
BTC-USD,MA_Cross,9,short=20;long=100,0.484241,0.669296,-0.353344,10
BTC-USD,MA_Cross,9,short=20;long=150,1.165833,1.047774,-0.258925,7
BTC-USD,MA_Cross,9,short=20;long=200,0.921876,0.939486,-0.212236,3
BTC-USD,MA_Cross,9,short=30;long=50,1.080604,1.070316,-0.244579,20
BTC-USD,MA_Cross,9,short=30;long=100,0.953239,0.967500,-0.180105,8
BTC-USD,MA_Cross,9,short=30;long=150,0.825778,0.892934,-0.203649,3
BTC-USD,MA_Cross,9,short=30;long=200,0.890496,0.905880,-0.215662,3
BTC-USD,MA_Cross,10,short=5;long=50,1.459738,1.281446,-0.268654,25
BTC-USD,MA_Cross,10,short=5;long=100,1.382896,1.213130,-0.235540,11
BTC-USD,MA_Cross,10,short=5;long=150,1.405785,1.142952,-0.235675,11
BTC-USD,MA_Cross,10,short=5;long=200,0.921239,0.861943,-0.364031,11
BTC-USD,MA_Cross,10,short=10;long=50,0.746337,0.938247,-0.340921,17
BTC-USD,MA_Cross,10,short=10;long=100,0.661418,0.812310,-0.341465,11
BTC-USD,MA_Cross,10,short=10;long=150,1.403901,1.140792,-0.256091,9
BTC-USD,MA_Cross,10,short=10;long=200,0.913221,0.850388,-0.340289,11
BTC-USD,MA_Cross,10,short=20;long=50,0.666003,0.819172,-0.346178,16
BTC-USD,MA_Cross,10,short=20;long=100,0.613533,0.772329,-0.353344,11
BTC-USD,MA_Cross,10,short=20;long=150,1.148619,1.024487,-0.258925,9
BTC-USD,MA_Cross,10,short=20;long=200,0.970558,0.940400,-0.240087,5
BTC-USD,MA_Cross,10,short=30;long=50,1.315159,1.184039,-0.255289,21
BTC-USD,MA_Cross,10,short=30;long=100,1.008801,0.995278,-0.180105,9
BTC-USD,MA_Cross,10,short=30;long=150,0.813157,0.863046,-0.250554,5
BTC-USD,MA_Cross,10,short=30;long=200,0.939592,0.909518,-0.243407,5
