schema_version,ticker,strategy,parameter_set,benchmark_ticker,benchmark_execution_policy,benchmark_cost_policy,excess_return_basis,commission_bps,slippage_bps,net_return,sharpe,turnover,total_costs,degradation_vs_zero_cost,estimated_break_even_cost_bps
2,AAPL,MA_Cross,short=20;long=50,AAPL,first_close_decision_next_open_integer_shares_5pct_cash_reserve,strategy_costs_for_net_zero_costs_for_gross,net_strategy_minus_net_benchmark,0,0,1.198984,0.781063,52.868315,0.000000,0.000000,0.000000
2,AAPL,MA_Cross,short=20;long=50,AAPL,first_close_decision_next_open_integer_shares_5pct_cash_reserve,strategy_costs_for_net_zero_costs_for_gross,net_strategy_minus_net_benchmark,0,5,1.165575,0.767502,52.465765,2623.266239,0.033409,179.437858
2,AAPL,MA_Cross,short=20;long=50,AAPL,first_close_decision_next_open_integer_shares_5pct_cash_reserve,strategy_costs_for_net_zero_costs_for_gross,net_strategy_minus_net_benchmark,0,10,1.132150,0.753753,52.077375,5207.651948,0.066834,179.397331
2,AAPL,MA_Cross,short=20;long=50,AAPL,first_close_decision_next_open_integer_shares_5pct_cash_reserve,strategy_costs_for_net_zero_costs_for_gross,net_strategy_minus_net_benchmark,0,25,1.036027,0.712888,50.921474,12729.876845,0.162958,183.941207
2,AAPL,MA_Cross,short=20;long=50,AAPL,first_close_decision_next_open_integer_shares_5pct_cash_reserve,strategy_costs_for_net_zero_costs_for_gross,net_strategy_minus_net_benchmark,0,50,0.884310,0.644219,49.074760,24535.684692,0.314674,190.511891
2,AAPL,MA_Cross,short=20;long=50,AAPL,first_close_decision_next_open_integer_shares_5pct_cash_reserve,strategy_costs_for_net_zero_costs_for_gross,net_strategy_minus_net_benchmark,5,0,1.165575,0.767502,52.465325,2623.266239,0.033409,179.437858
2,AAPL,MA_Cross,short=20;long=50,AAPL,first_close_decision_next_open_integer_shares_5pct_cash_reserve,strategy_costs_for_net_zero_costs_for_gross,net_strategy_minus_net_benchmark,5,5,1.132150,0.753753,52.076947,5207.673340,0.066834,179.396757
2,AAPL,MA_Cross,short=20;long=50,AAPL,first_close_decision_next_open_integer_shares_5pct_cash_reserve,strategy_costs_for_net_zero_costs_for_gross,net_strategy_minus_net_benchmark,5,10,1.099404,0.740081,51.682808,7752.337879,0.099580,180.606074
2,AAPL,MA_Cross,short=20;long=50,AAPL,first_close_decision_next_open_integer_shares_5pct_cash_reserve,strategy_costs_for_net_zero_costs_for_gross,net_strategy_minus_net_benchmark,5,25,1.005337,0.699358,50.548635,15164.111923,0.193648,185.747457
2,AAPL,MA_Cross,short=20;long=50,AAPL,first_close_decision_next_open_integer_shares_5pct_cash_reserve,strategy_costs_for_net_zero_costs_for_gross,net_strategy_minus_net_benchmark,5,50,0.855493,0.630552,48.717812,26793.153776,0.343492,191.981866
2,AAPL,MA_Cross,short=20;long=50,AAPL,first_close_decision_next_open_integer_shares_5pct_cash_reserve,strategy_costs_for_net_zero_costs_for_gross,net_strategy_minus_net_benchmark,10,0,1.132150,0.753753,52.076519,5207.651948,0.066834,179.397331
2,AAPL,MA_Cross,short=20;long=50,AAPL,first_close_decision_next_open_integer_shares_5pct_cash_reserve,strategy_costs_for_net_zero_costs_for_gross,net_strategy_minus_net_benchmark,10,5,1.099404,0.740081,51.682391,7752.337879,0.099580,180.606074
2,AAPL,MA_Cross,short=20;long=50,AAPL,first_close_decision_next_open_integer_shares_5pct_cash_reserve,strategy_costs_for_net_zero_costs_for_gross,net_strategy_minus_net_benchmark,10,10,1.067837,0.726600,51.303777,10260.674415,0.131147,182.845686
2,AAPL,MA_Cross,short=20;long=50,AAPL,first_close_decision_next_open_integer_shares_5pct_cash_reserve,strategy_costs_for_net_zero_costs_for_gross,net_strategy_minus_net_benchmark,10,25,0.974107,0.685424,50.180886,17562.845996,0.224877,186.610411
2,AAPL,MA_Cross,short=20;long=50,AAPL,first_close_decision_next_open_integer_shares_5pct_cash_reserve,strategy_costs_for_net_zero_costs_for_gross,net_strategy_minus_net_benchmark,10,50,0.827511,0.617092,48.356327,29012.200727,0.371473,193.658731
2,AAPL,MA_Cross,short=20;long=50,AAPL,first_close_decision_next_open_integer_shares_5pct_cash_reserve,strategy_costs_for_net_zero_costs_for_gross,net_strategy_minus_net_benchmark,20,0,1.067838,0.726601,51.302967,10260.593476,0.131146,182.846814
2,AAPL,MA_Cross,short=20;long=50,AAPL,first_close_decision_next_open_integer_shares_5pct_cash_reserve,strategy_costs_for_net_zero_costs_for_gross,net_strategy_minus_net_benchmark,20,5,1.036026,0.712888,50.919901,12729.955492,0.162958,183.940320
2,AAPL,MA_Cross,short=20;long=50,AAPL,first_close_decision_next_open_integer_shares_5pct_cash_reserve,strategy_costs_for_net_zero_costs_for_gross,net_strategy_minus_net_benchmark,20,10,1.005336,0.699358,50.547486,15164.169335,0.193648,185.746906
2,AAPL,MA_Cross,short=20;long=50,AAPL,first_close_decision_next_open_integer_shares_5pct_cash_reserve,strategy_costs_for_net_zero_costs_for_gross,net_strategy_minus_net_benchmark,20,25,0.913764,0.657950,49.438397,22246.841925,0.285221,189.166904
2,AAPL,MA_Cross,short=20;long=50,AAPL,first_close_decision_next_open_integer_shares_5pct_cash_reserve,strategy_costs_for_net_zero_costs_for_gross,net_strategy_minus_net_benchmark,20,50,0.770917,0.589344,47.642784,33348.456318,0.428067,196.064734
2,AAPL,MA_Cross,short=20;long=50,AAPL,first_close_decision_next_open_integer_shares_5pct_cash_reserve,strategy_costs_for_net_zero_costs_for_gross,net_strategy_minus_net_benchmark,40,0,0.944155,0.671954,49.791298,19916.519273,0.254829,188.201913
2,AAPL,MA_Cross,short=20;long=50,AAPL,first_close_decision_next_open_integer_shares_5pct_cash_reserve,strategy_costs_for_net_zero_costs_for_gross,net_strategy_minus_net_benchmark,40,5,0.913766,0.657952,49.436999,22246.632266,0.285219,189.168294
2,AAPL,MA_Cross,short=20;long=50,AAPL,first_close_decision_next_open_integer_shares_5pct_cash_reserve,strategy_costs_for_net_zero_costs_for_gross,net_strategy_minus_net_benchmark,40,10,0.884307,0.644217,49.072048,24535.955941,0.314677,190.510249
2,AAPL,MA_Cross,short=20;long=50,AAPL,first_close_decision_next_open_integer_shares_5pct_cash_reserve,strategy_costs_for_net_zero_costs_for_gross,net_strategy_minus_net_benchmark,40,25,0.798920,0.603136,48.004967,31202.842784,0.400065,194.803455
2,AAPL,MA_Cross,short=20;long=50,AAPL,first_close_decision_next_open_integer_shares_5pct_cash_reserve,strategy_costs_for_net_zero_costs_for_gross,net_strategy_minus_net_benchmark,40,50,0.664681,0.534655,46.294199,41663.474588,0.534303,201.961271
2,AAPL,RSI_Mean_Reversion,period=14;oversold=30;overbought=70,AAPL,first_close_decision_next_open_integer_shares_5pct_cash_reserve,strategy_costs_for_net_zero_costs_for_gross,net_strategy_minus_net_benchmark,0,0,0.293033,0.300492,36.113011,0.000000,0.000000,0.000000
2,AAPL,RSI_Mean_Reversion,period=14;oversold=30;overbought=70,AAPL,first_close_decision_next_open_integer_shares_5pct_cash_reserve,strategy_costs_for_net_zero_costs_for_gross,net_strategy_minus_net_benchmark,0,5,0.271946,0.288618,35.834944,1791.724258,0.021087,69.482650
2,AAPL,RSI_Mean_Reversion,period=14;oversold=30;overbought=70,AAPL,first_close_decision_next_open_integer_shares_5pct_cash_reserve,strategy_costs_for_net_zero_costs_for_gross,net_strategy_minus_net_benchmark,0,10,0.250911,0.276611,35.542443,3554.154177,0.042122,69.567508
2,AAPL,RSI_Mean_Reversion,period=14;oversold=30;overbought=70,AAPL,first_close_decision_next_open_integer_shares_5pct_cash_reserve,strategy_costs_for_net_zero_costs_for_gross,net_strategy_minus_net_benchmark,0,25,0.190224,0.240930,34.697836,8673.923917,0.102809,71.256791
2,AAPL,RSI_Mean_Reversion,period=14;oversold=30;overbought=70,AAPL,first_close_decision_next_open_integer_shares_5pct_cash_reserve,strategy_costs_for_net_zero_costs_for_gross,net_strategy_minus_net_benchmark,0,50,0.095606,0.181983,33.347616,16671.856034,0.197426,74.213202
2,AAPL,RSI_Mean_Reversion,period=14;oversold=30;overbought=70,AAPL,first_close_decision_next_open_integer_shares_5pct_cash_reserve,strategy_costs_for_net_zero_costs_for_gross,net_strategy_minus_net_benchmark,5,0,0.271946,0.288618,35.834485,1791.724258,0.021087,69.482650
2,AAPL,RSI_Mean_Reversion,period=14;oversold=30;overbought=70,AAPL,first_close_decision_next_open_integer_shares_5pct_cash_reserve,strategy_costs_for_net_zero_costs_for_gross,net_strategy_minus_net_benchmark,5,5,0.250910,0.276611,35.541992,3554.176713,0.042122,69.567136
2,AAPL,RSI_Mean_Reversion,period=14;oversold=30;overbought=70,AAPL,first_close_decision_next_open_integer_shares_5pct_cash_reserve,strategy_costs_for_net_zero_costs_for_gross,net_strategy_minus_net_benchmark,5,10,0.230576,0.264821,35.266290,5289.855040,0.062457,70.376399
2,AAPL,RSI_Mean_Reversion,period=14;oversold=30;overbought=70,AAPL,first_close_decision_next_open_integer_shares_5pct_cash_reserve,strategy_costs_for_net_zero_costs_for_gross,net_strategy_minus_net_benchmark,5,25,0.170788,0.229161,34.429882,10328.439512,0.122245,71.913008
2,AAPL,RSI_Mean_Reversion,period=14;oversold=30;overbought=70,AAPL,first_close_decision_next_open_integer_shares_5pct_cash_reserve,strategy_costs_for_net_zero_costs_for_gross,net_strategy_minus_net_benchmark,5,50,0.076913,0.169829,33.077868,18190.907427,0.216119,74.573521
2,AAPL,RSI_Mean_Reversion,period=14;oversold=30;overbought=70,AAPL,first_close_decision_next_open_integer_shares_5pct_cash_reserve,strategy_costs_for_net_zero_costs_for_gross,net_strategy_minus_net_benchmark,10,0,0.250911,0.276611,35.541542,3554.154177,0.042122,69.567508
2,AAPL,RSI_Mean_Reversion,period=14;oversold=30;overbought=70,AAPL,first_close_decision_next_open_integer_shares_5pct_cash_reserve,strategy_costs_for_net_zero_costs_for_gross,net_strategy_minus_net_benchmark,10,5,0.230576,0.264821,35.265848,5289.855040,0.062457,70.376399
2,AAPL,RSI_Mean_Reversion,period=14;oversold=30;overbought=70,AAPL,first_close_decision_next_open_integer_shares_5pct_cash_reserve,strategy_costs_for_net_zero_costs_for_gross,net_strategy_minus_net_benchmark,10,10,0.210035,0.252746,34.965110,6992.935084,0.082997,70.612592
2,AAPL,RSI_Mean_Reversion,period=14;oversold=30;overbought=70,AAPL,first_close_decision_next_open_integer_shares_5pct_cash_reserve,strategy_costs_for_net_zero_costs_for_gross,net_strategy_minus_net_benchmark,10,25,0.151553,0.217344,34.145378,11950.367462,0.141480,72.491962
2,AAPL,RSI_Mean_Reversion,period=14;oversold=30;overbought=70,AAPL,first_close_decision_next_open_integer_shares_5pct_cash_reserve,strategy_costs_for_net_zero_costs_for_gross,net_strategy_minus_net_benchmark,10,50,0.059222,0.158138,32.820722,19690.547536,0.233811,75.197328
2,AAPL,RSI_Mean_Reversion,period=14;oversold=30;overbought=70,AAPL,first_close_decision_next_open_integer_shares_5pct_cash_reserve,strategy_costs_for_net_zero_costs_for_gross,net_strategy_minus_net_benchmark,20,0,0.210036,0.252746,34.964241,6992.848113,0.082996,70.613332
2,AAPL,RSI_Mean_Reversion,period=14;oversold=30;overbought=70,AAPL,first_close_decision_next_open_integer_shares_5pct_cash_reserve,strategy_costs_for_net_zero_costs_for_gross,net_strategy_minus_net_benchmark,20,5,0.190223,0.240929,34.696124,8674.009549,0.102809,71.256198
2,AAPL,RSI_Mean_Reversion,period=14;oversold=30;overbought=70,AAPL,first_close_decision_next_open_integer_shares_5pct_cash_reserve,strategy_costs_for_net_zero_costs_for_gross,net_strategy_minus_net_benchmark,20,10,0.170787,0.229161,34.428622,10328.502519,0.122245,71.912637
2,AAPL,RSI_Mean_Reversion,period=14;oversold=30;overbought=70,AAPL,first_close_decision_next_open_integer_shares_5pct_cash_reserve,strategy_costs_for_net_zero_costs_for_gross,net_strategy_minus_net_benchmark,20,25,0.113537,0.193481,33.609178,15123.631810,0.179496,73.463829
2,AAPL,RSI_Mean_Reversion,period=14;oversold=30;overbought=70,AAPL,first_close_decision_next_open_integer_shares_5pct_cash_reserve,strategy_costs_for_net_zero_costs_for_gross,net_strategy_minus_net_benchmark,20,50,0.024259,0.134602,32.308730,22614.293213,0.268773,76.318131
2,AAPL,RSI_Mean_Reversion,period=14;oversold=30;overbought=70,AAPL,first_close_decision_next_open_integer_shares_5pct_cash_reserve,strategy_costs_for_net_zero_costs_for_gross,net_strategy_minus_net_benchmark,40,0,0.132338,0.205373,33.878430,13551.372187,0.160694,72.941606
2,AAPL,RSI_Mean_Reversion,period=14;oversold=30;overbought=70,AAPL,first_close_decision_next_open_integer_shares_5pct_cash_reserve,strategy_costs_for_net_zero_costs_for_gross,net_strategy_minus_net_benchmark,40,5,0.113539,0.193483,33.607583,15123.392557,0.179494,73.464808
2,AAPL,RSI_Mean_Reversion,period=14;oversold=30;overbought=70,AAPL,first_close_decision_next_open_integer_shares_5pct_cash_reserve,strategy_costs_for_net_zero_costs_for_gross,net_strategy_minus_net_benchmark,40,10,0.095603,0.181982,33.344493,16672.168371,0.197429,74.212028
2,AAPL,RSI_Mean_Reversion,period=14;oversold=30;overbought=70,AAPL,first_close_decision_next_open_integer_shares_5pct_cash_reserve,strategy_costs_for_net_zero_costs_for_gross,net_strategy_minus_net_benchmark,40,25,0.041553,0.146309,32.555253,21160.451418,0.251479,75.740348
2,AAPL,RSI_Mean_Reversion,period=14;oversold=30;overbought=70,AAPL,first_close_decision_next_open_integer_shares_5pct_cash_reserve,strategy_costs_for_net_zero_costs_for_gross,net_strategy_minus_net_benchmark,40,50,-0.042428,0.087700,31.309164,28176.558514,0.335461,78.617050
2,AAPL,MACD_Momentum,fast=12;slow=26;signal=9,AAPL,first_close_decision_next_open_integer_shares_5pct_cash_reserve,strategy_costs_for_net_zero_costs_for_gross,net_strategy_minus_net_benchmark,0,0,1.202980,0.818083,206.494518,0.000000,0.000000,0.000000
2,AAPL,MACD_Momentum,fast=12;slow=26;signal=9,AAPL,first_close_decision_next_open_integer_shares_5pct_cash_reserve,strategy_costs_for_net_zero_costs_for_gross,net_strategy_minus_net_benchmark,0,5,1.091614,0.769995,200.883975,10044.228547,0.111366,54.010041
2,AAPL,MACD_Momentum,fast=12;slow=26;signal=9,AAPL,first_close_decision_next_open_integer_shares_5pct_cash_reserve,strategy_costs_for_net_zero_costs_for_gross,net_strategy_minus_net_benchmark,0,10,0.985462,0.721767,195.446556,19544.773725,0.217519,55.304715
2,AAPL,MACD_Momentum,fast=12;slow=26;signal=9,AAPL,first_close_decision_next_open_integer_shares_5pct_cash_reserve,strategy_costs_for_net_zero_costs_for_gross,net_strategy_minus_net_benchmark,0,25,0.698139,0.576989,180.211333,45053.551080,0.504841,59.572205
2,AAPL,MACD_Momentum,fast=12;slow=26;signal=9,AAPL,first_close_decision_next_open_integer_shares_5pct_cash_reserve,strategy_costs_for_net_zero_costs_for_gross,net_strategy_minus_net_benchmark,0,50,0.307216,0.335972,158.003492,79004.489297,0.895764,67.148251
2,AAPL,MACD_Momentum,fast=12;slow=26;signal=9,AAPL,first_close_decision_next_open_integer_shares_5pct_cash_reserve,strategy_costs_for_net_zero_costs_for_gross,net_strategy_minus_net_benchmark,5,0,1.091614,0.769995,200.884571,10044.228547,0.111366,54.010041
2,AAPL,MACD_Momentum,fast=12;slow=26;signal=9,AAPL,first_close_decision_next_open_integer_shares_5pct_cash_reserve,strategy_costs_for_net_zero_costs_for_gross,net_strategy_minus_net_benchmark,5,5,0.985462,0.721767,195.447147,19544.744203,0.217518,55.304790
2,AAPL,MACD_Momentum,fast=12;slow=26;signal=9,AAPL,first_close_decision_next_open_integer_shares_5pct_cash_reserve,strategy_costs_for_net_zero_costs_for_gross,net_strategy_minus_net_benchmark,5,10,0.884799,0.673544,190.186856,28528.145352,0.318181,56.712071
2,AAPL,MACD_Momentum,fast=12;slow=26;signal=9,AAPL,first_close_decision_next_open_integer_shares_5pct_cash_reserve,strategy_costs_for_net_zero_costs_for_gross,net_strategy_minus_net_benchmark,5,25,0.611692,0.528684,175.467051,52640.826515,0.591288,61.035243
2,AAPL,MACD_Momentum,fast=12;slow=26;signal=9,AAPL,first_close_decision_next_open_integer_shares_5pct_cash_reserve,strategy_costs_for_net_zero_costs_for_gross,net_strategy_minus_net_benchmark,5,50,0.240667,0.288186,153.984156,84694.004825,0.962313,68.755064
2,AAPL,MACD_Momentum,fast=12;slow=26;signal=9,AAPL,first_close_decision_next_open_integer_shares_5pct_cash_reserve,strategy_costs_for_net_zero_costs_for_gross,net_strategy_minus_net_benchmark,10,0,0.985462,0.721767,195.447737,19544.773725,0.217519,55.304715
2,AAPL,MACD_Momentum,fast=12;slow=26;signal=9,AAPL,first_close_decision_next_open_integer_shares_5pct_cash_reserve,strategy_costs_for_net_zero_costs_for_gross,net_strategy_minus_net_benchmark,10,5,0.884799,0.673544,190.187441,28528.145352,0.318181,56.712071
2,AAPL,MACD_Momentum,fast=12;slow=26;signal=9,AAPL,first_close_decision_next_open_integer_shares_5pct_cash_reserve,strategy_costs_for_net_zero_costs_for_gross,net_strategy_minus_net_benchmark,10,10,0.789100,0.625264,185.139120,37027.939975,0.413880,58.131772
2,AAPL,MACD_Momentum,fast=12;slow=26;signal=9,AAPL,first_close_decision_next_open_integer_shares_5pct_cash_reserve,strategy_costs_for_net_zero_costs_for_gross,net_strategy_minus_net_benchmark,10,25,0.529666,0.480471,170.867761,59804.421031,0.673314,62.532926
2,AAPL,MACD_Momentum,fast=12;slow=26;signal=9,AAPL,first_close_decision_next_open_integer_shares_5pct_cash_reserve,strategy_costs_for_net_zero_costs_for_gross,net_strategy_minus_net_benchmark,10,50,0.176951,0.240119,150.091865,90057.812586,1.026029,70.347706
2,AAPL,MACD_Momentum,fast=12;slow=26;signal=9,AAPL,first_close_decision_next_open_integer_shares_5pct_cash_reserve,strategy_costs_for_net_zero_costs_for_gross,net_strategy_minus_net_benchmark,20,0,0.789099,0.625263,185.140280,37028.055913,0.413882,58.131609
2,AAPL,MACD_Momentum,fast=12;slow=26;signal=9,AAPL,first_close_decision_next_open_integer_shares_5pct_cash_reserve,strategy_costs_for_net_zero_costs_for_gross,net_strategy_minus_net_benchmark,20,5,0.698140,0.576990,180.213630,45053.436213,0.504840,59.572341
2,AAPL,MACD_Momentum,fast=12;slow=26;signal=9,AAPL,first_close_decision_next_open_integer_shares_5pct_cash_reserve,strategy_costs_for_net_zero_costs_for_gross,net_strategy_minus_net_benchmark,20,10,0.611693,0.528685,175.468758,52640.741158,0.591287,61.035331
2,AAPL,MACD_Momentum,fast=12;slow=26;signal=9,AAPL,first_close_decision_next_open_integer_shares_5pct_cash_reserve,strategy_costs_for_net_zero_costs_for_gross,net_strategy_minus_net_benchmark,20,25,0.377999,0.384336,162.186612,72984.667883,0.824981,65.618590
2,AAPL,MACD_Momentum,fast=12;slow=26;signal=9,AAPL,first_close_decision_next_open_integer_shares_5pct_cash_reserve,strategy_costs_for_net_zero_costs_for_gross,net_strategy_minus_net_benchmark,20,50,0.059936,0.145167,142.716522,99904.212612,1.143044,73.670502
2,AAPL,MACD_Momentum,fast=12;slow=26;signal=9,AAPL,first_close_decision_next_open_integer_shares_5pct_cash_reserve,strategy_costs_for_net_zero_costs_for_gross,net_strategy_minus_net_benchmark,40,0,0.451608,0.432192,166.456907,66582.762834,0.751372,64.041801
2,AAPL,MACD_Momentum,fast=12;slow=26;signal=9,AAPL,first_close_decision_next_open_integer_shares_5pct_cash_reserve,strategy_costs_for_net_zero_costs_for_gross,net_strategy_minus_net_benchmark,40,5,0.377996,0.384334,162.188828,72985.000236,0.824985,65.618326
2,AAPL,MACD_Momentum,fast=12;slow=26;signal=9,AAPL,first_close_decision_next_open_integer_shares_5pct_cash_reserve,strategy_costs_for_net_zero_costs_for_gross,net_strategy_minus_net_benchmark,40,10,0.307220,0.335976,158.007881,79004.050393,0.895760,67.148580
2,AAPL,MACD_Momentum,fast=12;slow=26;signal=9,AAPL,first_close_decision_next_open_integer_shares_5pct_cash_reserve,strategy_costs_for_net_zero_costs_for_gross,net_strategy_minus_net_benchmark,40,25,0.117076,0.192685,146.365015,95137.927350,1.085904,72.007931
2,AAPL,MACD_Momentum,fast=12;slow=26;signal=9,AAPL,first_close_decision_next_open_integer_shares_5pct_cash_reserve,strategy_costs_for_net_zero_costs_for_gross,net_strategy_minus_net_benchmark,40,50,-0.142168,-0.044153,129.262337,116338.656685,1.345149,80.487931
2,MSFT,MA_Cross,short=20;long=50,MSFT,first_close_decision_next_open_integer_shares_5pct_cash_reserve,strategy_costs_for_net_zero_costs_for_gross,net_strategy_minus_net_benchmark,0,0,0.499516,0.470260,42.434676,0.000000,0.000000,0.000000
2,MSFT,MA_Cross,short=20;long=50,MSFT,first_close_decision_next_open_integer_shares_5pct_cash_reserve,strategy_costs_for_net_zero_costs_for_gross,net_strategy_minus_net_benchmark,0,5,0.476090,0.455299,42.119508,2105.987808,0.023426,106.616330
2,MSFT,MA_Cross,short=20;long=50,MSFT,first_close_decision_next_open_integer_shares_5pct_cash_reserve,strategy_costs_for_net_zero_costs_for_gross,net_strategy_minus_net_benchmark,0,10,0.452426,0.440121,41.779018,4177.951195,0.047090,106.076670
2,MSFT,MA_Cross,short=20;long=50,MSFT,first_close_decision_next_open_integer_shares_5pct_cash_reserve,strategy_costs_for_net_zero_costs_for_gross,net_strategy_minus_net_benchmark,0,25,0.384260,0.394468,40.845375,10211.647764,0.115256,108.349311
2,MSFT,MA_Cross,short=20;long=50,MSFT,first_close_decision_next_open_integer_shares_5pct_cash_reserve,strategy_costs_for_net_zero_costs_for_gross,net_strategy_minus_net_benchmark,0,50,0.276614,0.318076,39.289610,19645.987480,0.222903,112.048057
2,MSFT,MA_Cross,short=20;long=50,MSFT,first_close_decision_next_open_integer_shares_5pct_cash_reserve,strategy_costs_for_net_zero_costs_for_gross,net_strategy_minus_net_benchmark,5,0,0.476090,0.455299,42.119756,2105.987808,0.023426,106.616330
2,MSFT,MA_Cross,short=20;long=50,MSFT,first_close_decision_next_open_integer_shares_5pct_cash_reserve,strategy_costs_for_net_zero_costs_for_gross,net_strategy_minus_net_benchmark,5,5,0.452426,0.440121,41.779265,4177.938840,0.047090,106.076949
2,MSFT,MA_Cross,short=20;long=50,MSFT,first_close_decision_next_open_integer_shares_5pct_cash_reserve,strategy_costs_for_net_zero_costs_for_gross,net_strategy_minus_net_benchmark,5,10,0.429387,0.424805,41.475498,6221.373823,0.070130,106.841477
2,MSFT,MA_Cross,short=20;long=50,MSFT,first_close_decision_next_open_integer_shares_5pct_cash_reserve,strategy_costs_for_net_zero_costs_for_gross,net_strategy_minus_net_benchmark,5,25,0.362153,0.379390,40.504235,12151.572939,0.137363,109.093875
2,MSFT,MA_Cross,short=20;long=50,MSFT,first_close_decision_next_open_integer_shares_5pct_cash_reserve,strategy_costs_for_net_zero_costs_for_gross,net_strategy_minus_net_benchmark,5,50,0.256980,0.303446,38.998116,21450.142698,0.242536,113.275512
2,MSFT,MA_Cross,short=20;long=50,MSFT,first_close_decision_next_open_integer_shares_5pct_cash_reserve,strategy_costs_for_net_zero_costs_for_gross,net_strategy_minus_net_benchmark,10,0,0.452426,0.440121,41.779512,4177.951195,0.047090,106.076670
2,MSFT,MA_Cross,short=20;long=50,MSFT,first_close_decision_next_open_integer_shares_5pct_cash_reserve,strategy_costs_for_net_zero_costs_for_gross,net_strategy_minus_net_benchmark,10,5,0.429387,0.424805,41.475744,6221.373823,0.070130,106.841477
2,MSFT,MA_Cross,short=20;long=50,MSFT,first_close_decision_next_open_integer_shares_5pct_cash_reserve,strategy_costs_for_net_zero_costs_for_gross,net_strategy_minus_net_benchmark,10,10,0.406423,0.409586,41.150328,8230.114399,0.093093,107.315133
2,MSFT,MA_Cross,short=20;long=50,MSFT,first_close_decision_next_open_integer_shares_5pct_cash_reserve,strategy_costs_for_net_zero_costs_for_gross,net_strategy_minus_net_benchmark,10,25,0.340001,0.363775,40.214464,14075.362722,0.159515,109.601455
2,MSFT,MA_Cross,short=20;long=50,MSFT,first_close_decision_next_open_integer_shares_5pct_cash_reserve,strategy_costs_for_net_zero_costs_for_gross,net_strategy_minus_net_benchmark,10,50,0.236177,0.287779,38.703650,23223.360732,0.263339,113.811459
2,MSFT,MA_Cross,short=20;long=50,MSFT,first_close_decision_next_open_integer_shares_5pct_cash_reserve,strategy_costs_for_net_zero_costs_for_gross,net_strategy_minus_net_benchmark,20,0,0.406422,0.409586,41.150816,8230.163271,0.093094,107.314570
2,MSFT,MA_Cross,short=20;long=50,MSFT,first_close_decision_next_open_integer_shares_5pct_cash_reserve,strategy_costs_for_net_zero_costs_for_gross,net_strategy_minus_net_benchmark,20,5,0.384261,0.394468,40.846348,10211.599127,0.115255,108.349768
2,MSFT,MA_Cross,short=20;long=50,MSFT,first_close_decision_next_open_integer_shares_5pct_cash_reserve,strategy_costs_for_net_zero_costs_for_gross,net_strategy_minus_net_benchmark,20,10,0.362153,0.379390,40.504961,12151.536663,0.137363,109.094163
2,MSFT,MA_Cross,short=20;long=50,MSFT,first_close_decision_next_open_integer_shares_5pct_cash_reserve,strategy_costs_for_net_zero_costs_for_gross,net_strategy_minus_net_benchmark,20,25,0.297342,0.333290,39.586212,17814.092690,0.202174,111.182637
2,MSFT,MA_Cross,short=20;long=50,MSFT,first_close_decision_next_open_integer_shares_5pct_cash_reserve,strategy_costs_for_net_zero_costs_for_gross,net_strategy_minus_net_benchmark,20,50,0.196666,0.257259,38.131283,26693.057288,0.302850,115.456842
2,MSFT,MA_Cross,short=20;long=50,MSFT,first_close_decision_next_open_integer_shares_5pct_cash_reserve,strategy_costs_for_net_zero_costs_for_gross,net_strategy_minus_net_benchmark,40,0,0.319267,0.349035,39.917588,15967.035304,0.180250,110.849862
2,MSFT,MA_Cross,short=20;long=50,MSFT,first_close_decision_next_open_integer_shares_5pct_cash_reserve,strategy_costs_for_net_zero_costs_for_gross,net_strategy_minus_net_benchmark,40,5,0.297341,0.333289,39.587163,17814.235335,0.202175,111.181853
2,MSFT,MA_Cross,short=20;long=50,MSFT,first_close_decision_next_open_integer_shares_5pct_cash_reserve,strategy_costs_for_net_zero_costs_for_gross,net_strategy_minus_net_benchmark,40,10,0.276615,0.318077,39.291502,19645.798251,0.222901,112.049008
2,MSFT,MA_Cross,short=20;long=50,MSFT,first_close_decision_next_open_integer_shares_5pct_cash_reserve,strategy_costs_for_net_zero_costs_for_gross,net_strategy_minus_net_benchmark,40,25,0.216141,0.272457,38.389397,24953.398951,0.283375,114.578136
2,MSFT,MA_Cross,short=20;long=50,MSFT,first_close_decision_next_open_integer_shares_5pct_cash_reserve,strategy_costs_for_net_zero_costs_for_gross,net_strategy_minus_net_benchmark,40,50,0.121924,0.197012,37.006300,33306.807486,0.377592,119.060923
2,MSFT,RSI_Mean_Reversion,period=14;oversold=30;overbought=70,MSFT,first_close_decision_next_open_integer_shares_5pct_cash_reserve,strategy_costs_for_net_zero_costs_for_gross,net_strategy_minus_net_benchmark,0,0,1.075001,0.682966,57.306352,0.000000,0.000000,0.000000
2,MSFT,RSI_Mean_Reversion,period=14;oversold=30;overbought=70,MSFT,first_close_decision_next_open_integer_shares_5pct_cash_reserve,strategy_costs_for_net_zero_costs_for_gross,net_strategy_minus_net_benchmark,0,5,1.039695,0.669117,56.801612,2840.059042,0.035306,152.240161
2,MSFT,RSI_Mean_Reversion,period=14;oversold=30;overbought=70,MSFT,first_close_decision_next_open_integer_shares_5pct_cash_reserve,strategy_costs_for_net_zero_costs_for_gross,net_strategy_minus_net_benchmark,0,10,1.004830,0.655238,56.292602,5629.176666,0.070171,153.197621
2,MSFT,RSI_Mean_Reversion,period=14;oversold=30;overbought=70,MSFT,first_close_decision_next_open_integer_shares_5pct_cash_reserve,strategy_costs_for_net_zero_costs_for_gross,net_strategy_minus_net_benchmark,0,25,0.903165,0.613625,54.772599,13692.672518,0.171836,156.399608
2,MSFT,RSI_Mean_Reversion,period=14;oversold=30;overbought=70,MSFT,first_close_decision_next_open_integer_shares_5pct_cash_reserve,strategy_costs_for_net_zero_costs_for_gross,net_strategy_minus_net_benchmark,0,50,0.745120,0.544238,52.390900,26193.823850,0.329882,162.937426
2,MSFT,RSI_Mean_Reversion,period=14;oversold=30;overbought=70,MSFT,first_close_decision_next_open_integer_shares_5pct_cash_reserve,strategy_costs_for_net_zero_costs_for_gross,net_strategy_minus_net_benchmark,5,0,1.039695,0.669117,56.801181,2840.059042,0.035306,152.240161
2,MSFT,RSI_Mean_Reversion,period=14;oversold=30;overbought=70,MSFT,first_close_decision_next_open_integer_shares_5pct_cash_reserve,strategy_costs_for_net_zero_costs_for_gross,net_strategy_minus_net_benchmark,5,5,1.004830,0.655238,56.292184,5629.197545,0.070171,153.197165
2,MSFT,RSI_Mean_Reversion,period=14;oversold=30;overbought=70,MSFT,first_close_decision_next_open_integer_shares_5pct_cash_reserve,strategy_costs_for_net_zero_costs_for_gross,net_strategy_minus_net_benchmark,5,10,0.970163,0.641387,55.764458,8364.587421,0.104838,153.808618
2,MSFT,RSI_Mean_Reversion,period=14;oversold=30;overbought=70,MSFT,first_close_decision_next_open_integer_shares_5pct_cash_reserve,strategy_costs_for_net_zero_costs_for_gross,net_strategy_minus_net_benchmark,5,25,0.870947,0.599943,54.305715,16291.251524,0.204054,158.046764
2,MSFT,RSI_Mean_Reversion,period=14;oversold=30;overbought=70,MSFT,first_close_decision_next_open_integer_shares_5pct_cash_reserve,strategy_costs_for_net_zero_costs_for_gross,net_strategy_minus_net_benchmark,5,50,0.715174,0.530366,51.931615,28560.807387,0.359827,164.315144
2,MSFT,RSI_Mean_Reversion,period=14;oversold=30;overbought=70,MSFT,first_close_decision_next_open_integer_shares_5pct_cash_reserve,strategy_costs_for_net_zero_costs_for_gross,net_strategy_minus_net_benchmark,10,0,1.004830,0.655238,56.291767,5629.176666,0.070171,153.197621
2,MSFT,RSI_Mean_Reversion,period=14;oversold=30;overbought=70,MSFT,first_close_decision_next_open_integer_shares_5pct_cash_reserve,strategy_costs_for_net_zero_costs_for_gross,net_strategy_minus_net_benchmark,10,5,0.970163,0.641387,55.764052,8364.587421,0.104838,153.808618
2,MSFT,RSI_Mean_Reversion,period=14;oversold=30;overbought=70,MSFT,first_close_decision_next_open_integer_shares_5pct_cash_reserve,strategy_costs_for_net_zero_costs_for_gross,net_strategy_minus_net_benchmark,10,10,0.936978,0.627663,55.306280,11061.176914,0.138023,155.771655
2,MSFT,RSI_Mean_Reversion,period=14;oversold=30;overbought=70,MSFT,first_close_decision_next_open_integer_shares_5pct_cash_reserve,strategy_costs_for_net_zero_costs_for_gross,net_strategy_minus_net_benchmark,10,25,0.837958,0.585707,53.792282,18826.849237,0.237043,158.726759
2,MSFT,RSI_Mean_Reversion,period=14;oversold=30;overbought=70,MSFT,first_close_decision_next_open_integer_shares_5pct_cash_reserve,strategy_costs_for_net_zero_costs_for_gross,net_strategy_minus_net_benchmark,10,50,0.685710,0.516500,51.478478,30885.563408,0.389291,165.686002
2,MSFT,RSI_Mean_Reversion,period=14;oversold=30;overbought=70,MSFT,first_close_decision_next_open_integer_shares_5pct_cash_reserve,strategy_costs_for_net_zero_costs_for_gross,net_strategy_minus_net_benchmark,20,0,0.936979,0.627663,55.305489,11061.097893,0.138022,155.772547
2,MSFT,RSI_Mean_Reversion,period=14;oversold=30;overbought=70,MSFT,first_close_decision_next_open_integer_shares_5pct_cash_reserve,strategy_costs_for_net_zero_costs_for_gross,net_strategy_minus_net_benchmark,20,5,0.903165,0.613624,54.771072,13692.748877,0.171836,156.398913
2,MSFT,RSI_Mean_Reversion,period=14;oversold=30;overbought=70,MSFT,first_close_decision_next_open_integer_shares_5pct_cash_reserve,strategy_costs_for_net_zero_costs_for_gross,net_strategy_minus_net_benchmark,20,10,0.870947,0.599942,54.304604,16291.307067,0.204054,158.046334
2,MSFT,RSI_Mean_Reversion,period=14;oversold=30;overbought=70,MSFT,first_close_decision_next_open_integer_shares_5pct_cash_reserve,strategy_costs_for_net_zero_costs_for_gross,net_strategy_minus_net_benchmark,20,25,0.775812,0.558200,52.844843,23779.758578,0.299189,161.687087
2,MSFT,RSI_Mean_Reversion,period=14;oversold=30;overbought=70,MSFT,first_close_decision_next_open_integer_shares_5pct_cash_reserve,strategy_costs_for_net_zero_costs_for_gross,net_strategy_minus_net_benchmark,20,50,0.628375,0.488970,50.582691,35406.464371,0.446626,168.485588
2,MSFT,RSI_Mean_Reversion,period=14;oversold=30;overbought=70,MSFT,first_close_decision_next_open_integer_shares_5pct_cash_reserve,strategy_costs_for_net_zero_costs_for_gross,net_strategy_minus_net_benchmark,40,0,0.807014,0.572043,53.329793,21331.917156,0.267987,160.455767
2,MSFT,RSI_Mean_Reversion,period=14;oversold=30;overbought=70,MSFT,first_close_decision_next_open_integer_shares_5pct_cash_reserve,strategy_costs_for_net_zero_costs_for_gross,net_strategy_minus_net_benchmark,40,5,0.775814,0.558202,52.843497,23779.556657,0.299187,161.688178
2,MSFT,RSI_Mean_Reversion,period=14;oversold=30;overbought=70,MSFT,first_close_decision_next_open_integer_shares_5pct_cash_reserve,strategy_costs_for_net_zero_costs_for_gross,net_strategy_minus_net_benchmark,40,10,0.745117,0.544236,52.388298,26194.084000,0.329884,162.936141
2,MSFT,RSI_Mean_Reversion,period=14;oversold=30;overbought=70,MSFT,first_close_decision_next_open_integer_shares_5pct_cash_reserve,strategy_costs_for_net_zero_costs_for_gross,net_strategy_minus_net_benchmark,40,25,0.656700,0.502740,51.009580,33155.860411,0.418301,167.045013
2,MSFT,RSI_Mean_Reversion,period=14;oversold=30;overbought=70,MSFT,first_close_decision_next_open_integer_shares_5pct_cash_reserve,strategy_costs_for_net_zero_costs_for_gross,net_strategy_minus_net_benchmark,40,50,0.518204,0.433220,48.813764,43931.161796,0.556797,173.761864
2,MSFT,MACD_Momentum,fast=12;slow=26;signal=9,MSFT,first_close_decision_next_open_integer_shares_5pct_cash_reserve,strategy_costs_for_net_zero_costs_for_gross,net_strategy_minus_net_benchmark,0,0,0.013925,0.101880,126.673611,0.000000,0.000000,0.000000
2,MSFT,MACD_Momentum,fast=12;slow=26;signal=9,MSFT,first_close_decision_next_open_integer_shares_5pct_cash_reserve,strategy_costs_for_net_zero_costs_for_gross,net_strategy_minus_net_benchmark,0,5,-0.042765,0.047631,123.196250,6159.790184,0.056691,1.228166
2,MSFT,MACD_Momentum,fast=12;slow=26;signal=9,MSFT,first_close_decision_next_open_integer_shares_5pct_cash_reserve,strategy_costs_for_net_zero_costs_for_gross,net_strategy_minus_net_benchmark,0,10,-0.095990,-0.006248,119.967876,11996.703738,0.109915,1.266891
2,MSFT,MACD_Momentum,fast=12;slow=26;signal=9,MSFT,first_close_decision_next_open_integer_shares_5pct_cash_reserve,strategy_costs_for_net_zero_costs_for_gross,net_strategy_minus_net_benchmark,0,25,-0.239690,-0.169048,110.696551,27673.707052,0.253615,1.372659
2,MSFT,MACD_Momentum,fast=12;slow=26;signal=9,MSFT,first_close_decision_next_open_integer_shares_5pct_cash_reserve,strategy_costs_for_net_zero_costs_for_gross,net_strategy_minus_net_benchmark,0,50,-0.430690,-0.438705,97.320684,48659.129120,0.444615,1.565970
2,MSFT,MACD_Momentum,fast=12;slow=26;signal=9,MSFT,first_close_decision_next_open_integer_shares_5pct_cash_reserve,strategy_costs_for_net_zero_costs_for_gross,net_strategy_minus_net_benchmark,5,0,-0.042765,0.047631,123.195804,6159.790184,0.056691,1.228166
2,MSFT,MACD_Momentum,fast=12;slow=26;signal=9,MSFT,first_close_decision_next_open_integer_shares_5pct_cash_reserve,strategy_costs_for_net_zero_costs_for_gross,net_strategy_minus_net_benchmark,5,5,-0.095990,-0.006248,119.967457,11996.724710,0.109916,1.266889
2,MSFT,MACD_Momentum,fast=12;slow=26;signal=9,MSFT,first_close_decision_next_open_integer_shares_5pct_cash_reserve,strategy_costs_for_net_zero_costs_for_gross,net_strategy_minus_net_benchmark,5,10,-0.147523,-0.061515,116.714132,17507.041106,0.161448,1.293769
2,MSFT,MACD_Momentum,fast=12;slow=26;signal=9,MSFT,first_close_decision_next_open_integer_shares_5pct_cash_reserve,strategy_costs_for_net_zero_costs_for_gross,net_strategy_minus_net_benchmark,5,25,-0.282630,-0.223604,107.810964,32342.888273,0.296555,1.408683
2,MSFT,MACD_Momentum,fast=12;slow=26;signal=9,MSFT,first_close_decision_next_open_integer_shares_5pct_cash_reserve,strategy_costs_for_net_zero_costs_for_gross,net_strategy_minus_net_benchmark,5,50,-0.462921,-0.492627,94.884767,52185.489520,0.476846,1.606135
2,MSFT,MACD_Momentum,fast=12;slow=26;signal=9,MSFT,first_close_decision_next_open_integer_shares_5pct_cash_reserve,strategy_costs_for_net_zero_costs_for_gross,net_strategy_minus_net_benchmark,10,0,-0.095990,-0.006248,119.967037,11996.703738,0.109915,1.266891
2,MSFT,MACD_Momentum,fast=12;slow=26;signal=9,MSFT,first_close_decision_next_open_integer_shares_5pct_cash_reserve,strategy_costs_for_net_zero_costs_for_gross,net_strategy_minus_net_benchmark,10,5,-0.147523,-0.061515,116.713738,17507.041106,0.161448,1.293769
2,MSFT,MACD_Momentum,fast=12;slow=26;signal=9,MSFT,first_close_decision_next_open_integer_shares_5pct_cash_reserve,strategy_costs_for_net_zero_costs_for_gross,net_strategy_minus_net_benchmark,10,10,-0.195069,-0.115521,113.652775,22730.481731,0.208994,1.332582
2,MSFT,MACD_Momentum,fast=12;slow=26;signal=9,MSFT,first_close_decision_next_open_integer_shares_5pct_cash_reserve,strategy_costs_for_net_zero_costs_for_gross,net_strategy_minus_net_benchmark,10,25,-0.322096,-0.276463,105.077584,36776.777626,0.336021,1.450439
2,MSFT,MACD_Momentum,fast=12;slow=26;signal=9,MSFT,first_close_decision_next_open_integer_shares_5pct_cash_reserve,strategy_costs_for_net_zero_costs_for_gross,net_strategy_minus_net_benchmark,10,50,-0.492865,-0.545204,92.596569,55556.891921,0.506790,1.648622
2,MSFT,MACD_Momentum,fast=12;slow=26;signal=9,MSFT,first_close_decision_next_open_integer_shares_5pct_cash_reserve,strategy_costs_for_net_zero_costs_for_gross,net_strategy_minus_net_benchmark,20,0,-0.195068,-0.115520,113.652042,22730.408420,0.208993,1.332587
2,MSFT,MACD_Momentum,fast=12;slow=26;signal=9,MSFT,first_close_decision_next_open_integer_shares_5pct_cash_reserve,strategy_costs_for_net_zero_costs_for_gross,net_strategy_minus_net_benchmark,20,5,-0.239691,-0.169049,110.695173,27673.775981,0.253616,1.372655
2,MSFT,MACD_Momentum,fast=12;slow=26;signal=9,MSFT,first_close_decision_next_open_integer_shares_5pct_cash_reserve,strategy_costs_for_net_zero_costs_for_gross,net_strategy_minus_net_benchmark,20,10,-0.282631,-0.223605,107.810002,32342.936399,0.296556,1.408681
2,MSFT,MACD_Momentum,fast=12;slow=26;signal=9,MSFT,first_close_decision_next_open_integer_shares_5pct_cash_reserve,strategy_costs_for_net_zero_costs_for_gross,net_strategy_minus_net_benchmark,20,25,-0.396780,-0.384982,99.828070,44922.304756,0.410705,1.525738
2,MSFT,MACD_Momentum,fast=12;slow=26;signal=9,MSFT,first_close_decision_next_open_integer_shares_5pct_cash_reserve,strategy_costs_for_net_zero_costs_for_gross,net_strategy_minus_net_benchmark,20,50,-0.548769,-0.651802,88.166833,61715.881916,0.562694,1.732302
2,MSFT,MACD_Momentum,fast=12;slow=26;signal=9,MSFT,first_close_decision_next_open_integer_shares_5pct_cash_reserve,strategy_costs_for_net_zero_costs_for_gross,net_strategy_minus_net_benchmark,40,0,-0.361217,-0.332040,102.356874,40942.749691,0.375142,1.484778
2,MSFT,MACD_Momentum,fast=12;slow=26;signal=9,MSFT,first_close_decision_next_open_integer_shares_5pct_cash_reserve,strategy_costs_for_net_zero_costs_for_gross,net_strategy_minus_net_benchmark,40,5,-0.396779,-0.384980,99.827024,44922.147921,0.410704,1.525744
2,MSFT,MACD_Momentum,fast=12;slow=26;signal=9,MSFT,first_close_decision_next_open_integer_shares_5pct_cash_reserve,strategy_costs_for_net_zero_costs_for_gross,net_strategy_minus_net_benchmark,40,10,-0.430692,-0.438708,97.318743,48659.323200,0.444617,1.565963
2,MSFT,MACD_Momentum,fast=12;slow=26;signal=9,MSFT,first_close_decision_next_open_integer_shares_5pct_cash_reserve,strategy_costs_for_net_zero_costs_for_gross,net_strategy_minus_net_benchmark,40,25,-0.521837,-0.598911,90.357063,58731.845437,0.535762,1.689425
2,MSFT,MACD_Momentum,fast=12;slow=26;signal=9,MSFT,first_close_decision_next_open_integer_shares_5pct_cash_reserve,strategy_costs_for_net_zero_costs_for_gross,net_strategy_minus_net_benchmark,40,50,-0.642677,-0.861353,80.217299,72194.914193,0.656602,1.908700
2,SPY,MA_Cross,short=20;long=50,SPY,first_close_decision_next_open_integer_shares_5pct_cash_reserve,strategy_costs_for_net_zero_costs_for_gross,net_strategy_minus_net_benchmark,0,0,0.555159,0.694103,30.127149,0.000000,0.000000,0.000000
2,SPY,MA_Cross,short=20;long=50,SPY,first_close_decision_next_open_integer_shares_5pct_cash_reserve,strategy_costs_for_net_zero_costs_for_gross,net_strategy_minus_net_benchmark,0,5,0.537518,0.677486,29.973561,1498.655277,0.017641,157.347816
2,SPY,MA_Cross,short=20;long=50,SPY,first_close_decision_next_open_integer_shares_5pct_cash_reserve,strategy_costs_for_net_zero_costs_for_gross,net_strategy_minus_net_benchmark,0,10,0.519790,0.660353,29.819347,2981.844714,0.035369,156.961038
2,SPY,MA_Cross,short=20;long=50,SPY,first_close_decision_next_open_integer_shares_5pct_cash_reserve,strategy_costs_for_net_zero_costs_for_gross,net_strategy_minus_net_benchmark,0,25,0.467592,0.609455,29.339413,7334.315409,0.087568,158.494236
2,SPY,MA_Cross,short=20;long=50,SPY,first_close_decision_next_open_integer_shares_5pct_cash_reserve,strategy_costs_for_net_zero_costs_for_gross,net_strategy_minus_net_benchmark,0,50,0.382048,0.521811,28.529940,14262.983863,0.173112,160.347304
2,SPY,MA_Cross,short=20;long=50,SPY,first_close_decision_next_open_integer_shares_5pct_cash_reserve,strategy_costs_for_net_zero_costs_for_gross,net_strategy_minus_net_benchmark,5,0,0.537518,0.677486,29.973106,1498.655277,0.017641,157.347816
2,SPY,MA_Cross,short=20;long=50,SPY,first_close_decision_next_open_integer_shares_5pct_cash_reserve,strategy_costs_for_net_zero_costs_for_gross,net_strategy_minus_net_benchmark,5,5,0.519790,0.660352,29.818897,2981.867214,0.035369,156.960040
2,SPY,MA_Cross,short=20;long=50,SPY,first_close_decision_next_open_integer_shares_5pct_cash_reserve,strategy_costs_for_net_zero_costs_for_gross,net_strategy_minus_net_benchmark,5,10,0.501238,0.642734,29.649658,4447.360330,0.053921,154.435716
2,SPY,MA_Cross,short=20;long=50,SPY,first_close_decision_next_open_integer_shares_5pct_cash_reserve,strategy_costs_for_net_zero_costs_for_gross,net_strategy_minus_net_benchmark,5,25,0.448998,0.591166,29.147154,8743.618317,0.106162,156.881431
2,SPY,MA_Cross,short=20;long=50,SPY,first_close_decision_next_open_integer_shares_5pct_cash_reserve,strategy_costs_for_net_zero_costs_for_gross,net_strategy_minus_net_benchmark,5,50,0.365865,0.504375,28.390435,15612.780690,0.189294,161.303137
2,SPY,MA_Cross,short=20;long=50,SPY,first_close_decision_next_open_integer_shares_5pct_cash_reserve,strategy_costs_for_net_zero_costs_for_gross,net_strategy_minus_net_benchmark,10,0,0.519790,0.660353,29.818447,2981.844714,0.035369,156.961038
2,SPY,MA_Cross,short=20;long=50,SPY,first_close_decision_next_open_integer_shares_5pct_cash_reserve,strategy_costs_for_net_zero_costs_for_gross,net_strategy_minus_net_benchmark,10,5,0.501238,0.642734,29.649216,4447.360330,0.053921,154.435716
2,SPY,MA_Cross,short=20;long=50,SPY,first_close_decision_next_open_integer_shares_5pct_cash_reserve,strategy_costs_for_net_zero_costs_for_gross,net_strategy_minus_net_benchmark,10,10,0.483776,0.625639,29.482739,5896.460558,0.071383,155.544067
2,SPY,MA_Cross,short=20;long=50,SPY,first_close_decision_next_open_integer_shares_5pct_cash_reserve,strategy_costs_for_net_zero_costs_for_gross,net_strategy_minus_net_benchmark,10,25,0.432453,0.574084,29.008721,10152.531534,0.122707,158.349882
2,SPY,MA_Cross,short=20;long=50,SPY,first_close_decision_next_open_integer_shares_5pct_cash_reserve,strategy_costs_for_net_zero_costs_for_gross,net_strategy_minus_net_benchmark,10,50,0.350616,0.487877,28.247245,16946.418203,0.204544,162.848081
2,SPY,MA_Cross,short=20;long=50,SPY,first_close_decision_next_open_integer_shares_5pct_cash_reserve,strategy_costs_for_net_zero_costs_for_gross,net_strategy_minus_net_benchmark,20,0,0.483777,0.625640,29.481867,5896.373308,0.071382,155.545968
2,SPY,MA_Cross,short=20;long=50,SPY,first_close_decision_next_open_integer_shares_5pct_cash_reserve,strategy_costs_for_net_zero_costs_for_gross,net_strategy_minus_net_benchmark,20,5,0.467591,0.609454,29.337692,7334.401466,0.087569,158.492678
2,SPY,MA_Cross,short=20;long=50,SPY,first_close_decision_next_open_integer_shares_5pct_cash_reserve,strategy_costs_for_net_zero_costs_for_gross,net_strategy_minus_net_benchmark,20,10,0.448997,0.591165,29.145887,8743.681652,0.106162,156.880495
2,SPY,MA_Cross,short=20;long=50,SPY,first_close_decision_next_open_integer_shares_5pct_cash_reserve,strategy_costs_for_net_zero_costs_for_gross,net_strategy_minus_net_benchmark,20,25,0.400069,0.540559,28.697151,12913.211497,0.155090,161.081547
2,SPY,MA_Cross,short=20;long=50,SPY,first_close_decision_next_open_integer_shares_5pct_cash_reserve,strategy_costs_for_net_zero_costs_for_gross,net_strategy_minus_net_benchmark,20,50,0.319203,0.453595,27.923965,19544.901638,0.235956,164.696610
2,SPY,MA_Cross,short=20;long=50,SPY,first_close_decision_next_open_integer_shares_5pct_cash_reserve,strategy_costs_for_net_zero_costs_for_gross,net_strategy_minus_net_benchmark,40,0,0.416379,0.557521,28.851827,11540.730932,0.138780,160.011453
2,SPY,MA_Cross,short=20;long=50,SPY,first_close_decision_next_open_integer_shares_5pct_cash_reserve,strategy_costs_for_net_zero_costs_for_gross,net_strategy_minus_net_benchmark,40,5,0.400072,0.540562,28.695530,12912.968356,0.155088,161.084072
2,SPY,MA_Cross,short=20;long=50,SPY,first_close_decision_next_open_integer_shares_5pct_cash_reserve,strategy_costs_for_net_zero_costs_for_gross,net_strategy_minus_net_benchmark,40,10,0.382045,0.521807,28.526762,14263.301616,0.173115,160.344361
2,SPY,MA_Cross,short=20;long=50,SPY,first_close_decision_next_open_integer_shares_5pct_cash_reserve,strategy_costs_for_net_zero_costs_for_gross,net_strategy_minus_net_benchmark,40,25,0.334534,0.470523,28.069132,18244.460048,0.220626,163.559330
2,SPY,MA_Cross,short=20;long=50,SPY,first_close_decision_next_open_integer_shares_5pct_cash_reserve,strategy_costs_for_net_zero_costs_for_gross,net_strategy_minus_net_benchmark,40,50,0.258933,0.385462,27.353295,24616.205414,0.296226,168.669645
2,SPY,RSI_Mean_Reversion,period=14;oversold=30;overbought=70,SPY,first_close_decision_next_open_integer_shares_5pct_cash_reserve,strategy_costs_for_net_zero_costs_for_gross,net_strategy_minus_net_benchmark,0,0,0.287554,0.346209,30.927157,0.000000,0.000000,0.000000
2,SPY,RSI_Mean_Reversion,period=14;oversold=30;overbought=70,SPY,first_close_decision_next_open_integer_shares_5pct_cash_reserve,strategy_costs_for_net_zero_costs_for_gross,net_strategy_minus_net_benchmark,0,5,0.269617,0.331156,30.749034,1537.458839,0.017937,80.158501
2,SPY,RSI_Mean_Reversion,period=14;oversold=30;overbought=70,SPY,first_close_decision_next_open_integer_shares_5pct_cash_reserve,strategy_costs_for_net_zero_costs_for_gross,net_strategy_minus_net_benchmark,0,10,0.251844,0.316289,30.530478,3053.076008,0.035710,80.525553
2,SPY,RSI_Mean_Reversion,period=14;oversold=30;overbought=70,SPY,first_close_decision_next_open_integer_shares_5pct_cash_reserve,strategy_costs_for_net_zero_costs_for_gross,net_strategy_minus_net_benchmark,0,25,0.200194,0.271709,29.889411,7472.524469,0.087360,82.290194
2,SPY,RSI_Mean_Reversion,period=14;oversold=30;overbought=70,SPY,first_close_decision_next_open_integer_shares_5pct_cash_reserve,strategy_costs_for_net_zero_costs_for_gross,net_strategy_minus_net_benchmark,0,50,0.117216,0.196138,28.863001,14432.154237,0.170338,84.407066
2,SPY,RSI_Mean_Reversion,period=14;oversold=30;overbought=70,SPY,first_close_decision_next_open_integer_shares_5pct_cash_reserve,strategy_costs_for_net_zero_costs_for_gross,net_strategy_minus_net_benchmark,5,0,0.269617,0.331156,30.749177,1537.458839,0.017937,80.158501
2,SPY,RSI_Mean_Reversion,period=14;oversold=30;overbought=70,SPY,first_close_decision_next_open_integer_shares_5pct_cash_reserve,strategy_costs_for_net_zero_costs_for_gross,net_strategy_minus_net_benchmark,5,5,0.251844,0.316289,30.530619,3053.068948,0.035710,80.525712
2,SPY,RSI_Mean_Reversion,period=14;oversold=30;overbought=70,SPY,first_close_decision_next_open_integer_shares_5pct_cash_reserve,strategy_costs_for_net_zero_costs_for_gross,net_strategy_minus_net_benchmark,5,10,0.234295,0.301256,30.322492,4548.401807,0.053259,80.987415
2,SPY,RSI_Mean_Reversion,period=14;oversold=30;overbought=70,SPY,first_close_decision_next_open_integer_shares_5pct_cash_reserve,strategy_costs_for_net_zero_costs_for_gross,net_strategy_minus_net_benchmark,5,25,0.183299,0.256745,29.679961,8904.158640,0.104255,82.745161
2,SPY,RSI_Mean_Reversion,period=14;oversold=30;overbought=70,SPY,first_close_decision_next_open_integer_shares_5pct_cash_reserve,strategy_costs_for_net_zero_costs_for_gross,net_strategy_minus_net_benchmark,5,50,0.101105,0.180903,28.646099,15756.001085,0.186449,84.824598
2,SPY,RSI_Mean_Reversion,period=14;oversold=30;overbought=70,SPY,first_close_decision_next_open_integer_shares_5pct_cash_reserve,strategy_costs_for_net_zero_costs_for_gross,net_strategy_minus_net_benchmark,10,0,0.251844,0.316289,30.530760,3053.076008,0.035710,80.525553
2,SPY,RSI_Mean_Reversion,period=14;oversold=30;overbought=70,SPY,first_close_decision_next_open_integer_shares_5pct_cash_reserve,strategy_costs_for_net_zero_costs_for_gross,net_strategy_minus_net_benchmark,10,5,0.234295,0.301256,30.322632,4548.401807,0.053259,80.987415
2,SPY,RSI_Mean_Reversion,period=14;oversold=30;overbought=70,SPY,first_close_decision_next_open_integer_shares_5pct_cash_reserve,strategy_costs_for_net_zero_costs_for_gross,net_strategy_minus_net_benchmark,10,10,0.217285,0.286672,30.099825,6019.992847,0.070269,81.844325
2,SPY,RSI_Mean_Reversion,period=14;oversold=30;overbought=70,SPY,first_close_decision_next_open_integer_shares_5pct_cash_reserve,strategy_costs_for_net_zero_costs_for_gross,net_strategy_minus_net_benchmark,10,25,0.166015,0.241132,29.472588,10315.574084,0.121539,82.807881
2,SPY,RSI_Mean_Reversion,period=14;oversold=30;overbought=70,SPY,first_close_decision_next_open_integer_shares_5pct_cash_reserve,strategy_costs_for_net_zero_costs_for_gross,net_strategy_minus_net_benchmark,10,50,0.086090,0.166528,28.476075,17086.287328,0.201464,85.639421
2,SPY,RSI_Mean_Reversion,period=14;oversold=30;overbought=70,SPY,first_close_decision_next_open_integer_shares_5pct_cash_reserve,strategy_costs_for_net_zero_costs_for_gross,net_strategy_minus_net_benchmark,20,0,0.217285,0.286672,30.100103,6020.020595,0.070269,81.844001
2,SPY,RSI_Mean_Reversion,period=14;oversold=30;overbought=70,SPY,first_close_decision_next_open_integer_shares_5pct_cash_reserve,strategy_costs_for_net_zero_costs_for_gross,net_strategy_minus_net_benchmark,20,5,0.200195,0.271709,29.889960,7472.496977,0.087359,82.290453
2,SPY,RSI_Mean_Reversion,period=14;oversold=30;overbought=70,SPY,first_close_decision_next_open_integer_shares_5pct_cash_reserve,strategy_costs_for_net_zero_costs_for_gross,net_strategy_minus_net_benchmark,20,10,0.183299,0.256745,29.680370,8904.138214,0.104255,82.745323
2,SPY,RSI_Mean_Reversion,period=14;oversold=30;overbought=70,SPY,first_close_decision_next_open_integer_shares_5pct_cash_reserve,strategy_costs_for_net_zero_costs_for_gross,net_strategy_minus_net_benchmark,20,25,0.133921,0.211756,29.084628,13088.248042,0.153633,84.226255
2,SPY,RSI_Mean_Reversion,period=14;oversold=30;overbought=70,SPY,first_close_decision_next_open_integer_shares_5pct_cash_reserve,strategy_costs_for_net_zero_costs_for_gross,net_strategy_minus_net_benchmark,20,50,0.055809,0.136994,28.083884,19659.349639,0.231745,86.857494
2,SPY,RSI_Mean_Reversion,period=14;oversold=30;overbought=70,SPY,first_close_decision_next_open_integer_shares_5pct_cash_reserve,strategy_costs_for_net_zero_costs_for_gross,net_strategy_minus_net_benchmark,40,0,0.149763,0.226336,29.280157,11712.062670,0.137791,83.475215
2,SPY,RSI_Mean_Reversion,period=14;oversold=30;overbought=70,SPY,first_close_decision_next_open_integer_shares_5pct_cash_reserve,strategy_costs_for_net_zero_costs_for_gross,net_strategy_minus_net_benchmark,40,5,0.133920,0.211756,29.085157,13088.327483,0.153634,84.225820
2,SPY,RSI_Mean_Reversion,period=14;oversold=30;overbought=70,SPY,first_close_decision_next_open_integer_shares_5pct_cash_reserve,strategy_costs_for_net_zero_costs_for_gross,net_strategy_minus_net_benchmark,40,10,0.117217,0.196139,28.864047,14432.049622,0.170337,84.407585
2,SPY,RSI_Mean_Reversion,period=14;oversold=30;overbought=70,SPY,first_close_decision_next_open_integer_shares_5pct_cash_reserve,strategy_costs_for_net_zero_costs_for_gross,net_strategy_minus_net_benchmark,40,25,0.070345,0.151263,28.277936,18380.817436,0.217209,86.050625
2,SPY,RSI_Mean_Reversion,period=14;oversold=30;overbought=70,SPY,first_close_decision_next_open_integer_shares_5pct_cash_reserve,strategy_costs_for_net_zero_costs_for_gross,net_strategy_minus_net_benchmark,40,50,-0.003032,0.077508,27.330019,24597.624058,0.290586,89.060955
2,SPY,MACD_Momentum,fast=12;slow=26;signal=9,SPY,first_close_decision_next_open_integer_shares_5pct_cash_reserve,strategy_costs_for_net_zero_costs_for_gross,net_strategy_minus_net_benchmark,0,0,0.475753,0.635719,164.473127,0.000000,0.000000,0.000000
2,SPY,MACD_Momentum,fast=12;slow=26;signal=9,SPY,first_close_decision_next_open_integer_shares_5pct_cash_reserve,strategy_costs_for_net_zero_costs_for_gross,net_strategy_minus_net_benchmark,0,5,0.389050,0.545252,159.390916,7969.524527,0.086703,27.435728
2,SPY,MACD_Momentum,fast=12;slow=26;signal=9,SPY,first_close_decision_next_open_integer_shares_5pct_cash_reserve,strategy_costs_for_net_zero_costs_for_gross,net_strategy_minus_net_benchmark,0,10,0.306363,0.453503,154.452821,15445.204516,0.169390,28.086280
2,SPY,MACD_Momentum,fast=12;slow=26;signal=9,SPY,first_close_decision_next_open_integer_shares_5pct_cash_reserve,strategy_costs_for_net_zero_costs_for_gross,net_strategy_minus_net_benchmark,0,25,0.087589,0.180670,140.934167,35233.172653,0.388164,30.641253
2,SPY,MACD_Momentum,fast=12;slow=26;signal=9,SPY,first_close_decision_next_open_integer_shares_5pct_cash_reserve,strategy_costs_for_net_zero_costs_for_gross,net_strategy_minus_net_benchmark,0,50,-0.200378,-0.267576,121.613076,60805.650693,0.676131,35.182029
2,SPY,MACD_Momentum,fast=12;slow=26;signal=9,SPY,first_close_decision_next_open_integer_shares_5pct_cash_reserve,strategy_costs_for_net_zero_costs_for_gross,net_strategy_minus_net_benchmark,5,0,0.389050,0.545252,159.390491,7969.524527,0.086703,27.435728
2,SPY,MACD_Momentum,fast=12;slow=26;signal=9,SPY,first_close_decision_next_open_integer_shares_5pct_cash_reserve,strategy_costs_for_net_zero_costs_for_gross,net_strategy_minus_net_benchmark,5,5,0.306363,0.453503,154.452433,15445.223911,0.169390,28.086248
2,SPY,MACD_Momentum,fast=12;slow=26;signal=9,SPY,first_close_decision_next_open_integer_shares_5pct_cash_reserve,strategy_costs_for_net_zero_costs_for_gross,net_strategy_minus_net_benchmark,5,10,0.229095,0.362505,149.748788,22462.246822,0.246658,28.931992
2,SPY,MACD_Momentum,fast=12;slow=26;signal=9,SPY,first_close_decision_next_open_integer_shares_5pct_cash_reserve,strategy_costs_for_net_zero_costs_for_gross,net_strategy_minus_net_benchmark,5,25,0.022632,0.089727,136.779316,41033.459954,0.453121,31.498422
2,SPY,MACD_Momentum,fast=12;slow=26;signal=9,SPY,first_close_decision_next_open_integer_shares_5pct_cash_reserve,strategy_costs_for_net_zero_costs_for_gross,net_strategy_minus_net_benchmark,5,50,-0.247586,-0.353830,118.220099,65020.274967,0.723339,36.174500
2,SPY,MACD_Momentum,fast=12;slow=26;signal=9,SPY,first_close_decision_next_open_integer_shares_5pct_cash_reserve,strategy_costs_for_net_zero_costs_for_gross,net_strategy_minus_net_benchmark,10,0,0.306363,0.453503,154.452045,15445.204516,0.169390,28.086280
2,SPY,MACD_Momentum,fast=12;slow=26;signal=9,SPY,first_close_decision_next_open_integer_shares_5pct_cash_reserve,strategy_costs_for_net_zero_costs_for_gross,net_strategy_minus_net_benchmark,10,5,0.229095,0.362505,149.748431,22462.246822,0.246658,28.931992
2,SPY,MACD_Momentum,fast=12;slow=26;signal=9,SPY,first_close_decision_next_open_integer_shares_5pct_cash_reserve,strategy_costs_for_net_zero_costs_for_gross,net_strategy_minus_net_benchmark,10,10,0.156304,0.271492,145.318200,29063.574867,0.319449,29.785870
2,SPY,MACD_Momentum,fast=12;slow=26;signal=9,SPY,first_close_decision_next_open_integer_shares_5pct_cash_reserve,strategy_costs_for_net_zero_costs_for_gross,net_strategy_minus_net_benchmark,10,25,-0.038453,-0.000693,132.765571,46467.645266,0.514206,32.382655
2,SPY,MACD_Momentum,fast=12;slow=26;signal=9,SPY,first_close_decision_next_open_integer_shares_5pct_cash_reserve,strategy_costs_for_net_zero_costs_for_gross,net_strategy_minus_net_benchmark,10,50,-0.293201,-0.442400,114.888275,68932.272100,0.768954,37.122087
2,SPY,MACD_Momentum,fast=12;slow=26;signal=9,SPY,first_close_decision_next_open_integer_shares_5pct_cash_reserve,strategy_costs_for_net_zero_costs_for_gross,net_strategy_minus_net_benchmark,20,0,0.156305,0.271493,145.317548,29063.509639,0.319448,29.785930
2,SPY,MACD_Momentum,fast=12;slow=26;signal=9,SPY,first_close_decision_next_open_integer_shares_5pct_cash_reserve,strategy_costs_for_net_zero_costs_for_gross,net_strategy_minus_net_benchmark,20,5,0.087589,0.180669,140.932986,35233.231713,0.388164,30.641206
2,SPY,MACD_Momentum,fast=12;slow=26;signal=9,SPY,first_close_decision_next_open_integer_shares_5pct_cash_reserve,strategy_costs_for_net_zero_costs_for_gross,net_strategy_minus_net_benchmark,20,10,0.022632,0.089727,136.778512,41033.500132,0.453121,31.498394
2,SPY,MACD_Momentum,fast=12;slow=26;signal=9,SPY,first_close_decision_next_open_integer_shares_5pct_cash_reserve,strategy_costs_for_net_zero_costs_for_gross,net_strategy_minus_net_benchmark,20,25,-0.149304,-0.178732,125.180292,56330.883411,0.625057,34.251108
2,SPY,MACD_Momentum,fast=12;slow=26;signal=9,SPY,first_close_decision_next_open_integer_shares_5pct_cash_reserve,strategy_costs_for_net_zero_costs_for_gross,net_strategy_minus_net_benchmark,20,50,-0.374927,-0.612001,108.656622,76059.105247,0.850680,39.148338
2,SPY,MACD_Momentum,fast=12;slow=26;signal=9,SPY,first_close_decision_next_open_integer_shares_5pct_cash_reserve,strategy_costs_for_net_zero_costs_for_gross,net_strategy_minus_net_benchmark,40,0,-0.095329,-0.089618,128.903226,51561.290224,0.571082,33.322894
2,SPY,MACD_Momentum,fast=12;slow=26;signal=9,SPY,first_close_decision_next_open_integer_shares_5pct_cash_reserve,strategy_costs_for_net_zero_costs_for_gross,net_strategy_minus_net_benchmark,40,5,-0.149303,-0.178731,125.179499,56330.764411,0.625055,34.251173
2,SPY,MACD_Momentum,fast=12;slow=26;signal=9,SPY,first_close_decision_next_open_integer_shares_5pct_cash_reserve,strategy_costs_for_net_zero_costs_for_gross,net_strategy_minus_net_benchmark,40,10,-0.200379,-0.267578,121.611656,60805.792654,0.676132,35.181955
2,SPY,MACD_Momentum,fast=12;slow=26;signal=9,SPY,first_close_decision_next_open_integer_shares_5pct_cash_reserve,strategy_costs_for_net_zero_costs_for_gross,net_strategy_minus_net_benchmark,40,25,-0.334837,-0.526365,111.721882,72619.072775,0.810590,38.149922
2,SPY,MACD_Momentum,fast=12;slow=26;signal=9,SPY,first_close_decision_next_open_integer_shares_5pct_cash_reserve,strategy_costs_for_net_zero_costs_for_gross,net_strategy_minus_net_benchmark,40,50,-0.511567,-0.939352,97.528936,87775.789556,0.987320,43.367657
2,TSLA,MA_Cross,short=20;long=50,TSLA,first_close_decision_next_open_integer_shares_5pct_cash_reserve,strategy_costs_for_net_zero_costs_for_gross,net_strategy_minus_net_benchmark,0,0,3.479983,0.791362,86.557511,0.000000,0.000000,0.000000
2,TSLA,MA_Cross,short=20;long=50,TSLA,first_close_decision_next_open_integer_shares_5pct_cash_reserve,strategy_costs_for_net_zero_costs_for_gross,net_strategy_minus_net_benchmark,0,5,3.415955,0.785704,85.925776,4296.268163,0.064028,271.753446
2,TSLA,MA_Cross,short=20;long=50,TSLA,first_close_decision_next_open_integer_shares_5pct_cash_reserve,strategy_costs_for_net_zero_costs_for_gross,net_strategy_minus_net_benchmark,0,10,3.352647,0.780107,85.292384,8529.159619,0.127336,273.291238
2,TSLA,MA_Cross,short=20;long=50,TSLA,first_close_decision_next_open_integer_shares_5pct_cash_reserve,strategy_costs_for_net_zero_costs_for_gross,net_strategy_minus_net_benchmark,0,25,3.168405,0.763229,83.483803,20870.528058,0.311578,279.222149
2,TSLA,MA_Cross,short=20;long=50,TSLA,first_close_decision_next_open_integer_shares_5pct_cash_reserve,strategy_costs_for_net_zero_costs_for_gross,net_strategy_minus_net_benchmark,0,50,2.877807,0.735086,80.557131,40277.314717,0.602176,288.950667
2,TSLA,MA_Cross,short=20;long=50,TSLA,first_close_decision_next_open_integer_shares_5pct_cash_reserve,strategy_costs_for_net_zero_costs_for_gross,net_strategy_minus_net_benchmark,5,0,3.415955,0.785704,85.925363,4296.268163,0.064028,271.753446
2,TSLA,MA_Cross,short=20;long=50,TSLA,first_close_decision_next_open_integer_shares_5pct_cash_reserve,strategy_costs_for_net_zero_costs_for_gross,net_strategy_minus_net_benchmark,5,5,3.352647,0.780107,85.291990,8529.179325,0.127336,273.290815
2,TSLA,MA_Cross,short=20;long=50,TSLA,first_close_decision_next_open_integer_shares_5pct_cash_reserve,strategy_costs_for_net_zero_costs_for_gross,net_strategy_minus_net_benchmark,5,10,3.290489,0.774475,84.685029,12702.679333,0.189494,275.469808
2,TSLA,MA_Cross,short=20;long=50,TSLA,first_close_decision_next_open_integer_shares_5pct_cash_reserve,strategy_costs_for_net_zero_costs_for_gross,net_strategy_minus_net_benchmark,5,25,3.107798,0.757542,82.885828,24865.346775,0.372185,280.503967
2,TSLA,MA_Cross,short=20;long=50,TSLA,first_close_decision_next_open_integer_shares_5pct_cash_reserve,strategy_costs_for_net_zero_costs_for_gross,net_strategy_minus_net_benchmark,5,50,2.821702,0.729413,79.993333,43995.171719,0.658281,290.755776
2,TSLA,MA_Cross,short=20;long=50,TSLA,first_close_decision_next_open_integer_shares_5pct_cash_reserve,strategy_costs_for_net_zero_costs_for_gross,net_strategy_minus_net_benchmark,10,0,3.352647,0.780107,85.291596,8529.159619,0.127336,273.291238
2,TSLA,MA_Cross,short=20;long=50,TSLA,first_close_decision_next_open_integer_shares_5pct_cash_reserve,strategy_costs_for_net_zero_costs_for_gross,net_strategy_minus_net_benchmark,10,5,3.290489,0.774475,84.684654,12702.679333,0.189494,275.469808
2,TSLA,MA_Cross,short=20;long=50,TSLA,first_close_decision_next_open_integer_shares_5pct_cash_reserve,strategy_costs_for_net_zero_costs_for_gross,net_strategy_minus_net_benchmark,10,10,3.228969,0.768841,84.083840,16816.696494,0.251014,277.273763
2,TSLA,MA_Cross,short=20;long=50,TSLA,first_close_decision_next_open_integer_shares_5pct_cash_reserve,strategy_costs_for_net_zero_costs_for_gross,net_strategy_minus_net_benchmark,10,25,3.050290,0.752001,82.314311,28809.629925,0.429693,283.456544
2,TSLA,MA_Cross,short=20;long=50,TSLA,first_close_decision_next_open_integer_shares_5pct_cash_reserve,strategy_costs_for_net_zero_costs_for_gross,net_strategy_minus_net_benchmark,10,50,2.764990,0.723595,79.414841,47647.817687,0.714993,292.029280
2,TSLA,MA_Cross,short=20;long=50,TSLA,first_close_decision_next_open_integer_shares_5pct_cash_reserve,strategy_costs_for_net_zero_costs_for_gross,net_strategy_minus_net_benchmark,20,0,3.228969,0.768841,84.083125,16816.624948,0.251014,277.274553
2,TSLA,MA_Cross,short=20;long=50,TSLA,first_close_decision_next_open_integer_shares_5pct_cash_reserve,strategy_costs_for_net_zero_costs_for_gross,net_strategy_minus_net_benchmark,20,5,3.168404,0.763228,83.482450,20870.595699,0.311579,279.221543
2,TSLA,MA_Cross,short=20;long=50,TSLA,first_close_decision_next_open_integer_shares_5pct_cash_reserve,strategy_costs_for_net_zero_costs_for_gross,net_strategy_minus_net_benchmark,20,10,3.107797,0.757542,82.884864,24865.394965,0.372186,280.503604
2,TSLA,MA_Cross,short=20;long=50,TSLA,first_close_decision_next_open_integer_shares_5pct_cash_reserve,strategy_costs_for_net_zero_costs_for_gross,net_strategy_minus_net_benchmark,20,25,2.934286,0.740744,81.134750,36510.302563,0.545697,286.970817
2,TSLA,MA_Cross,short=20;long=50,TSLA,first_close_decision_next_open_integer_shares_5pct_cash_reserve,strategy_costs_for_net_zero_costs_for_gross,net_strategy_minus_net_benchmark,20,50,2.657786,0.712409,78.298513,54808.043965,0.822197,296.278032
2,TSLA,MA_Cross,short=20;long=50,TSLA,first_close_decision_next_open_integer_shares_5pct_cash_reserve,strategy_costs_for_net_zero_costs_for_gross,net_strategy_minus_net_benchmark,40,0,2.992169,0.746387,81.718209,32687.283699,0.487814,285.353309
2,TSLA,MA_Cross,short=20;long=50,TSLA,first_close_decision_next_open_integer_shares_5pct_cash_reserve,strategy_costs_for_net_zero_costs_for_gross,net_strategy_minus_net_benchmark,40,5,2.934287,0.740744,81.133678,36510.141763,0.545696,286.971663
2,TSLA,MA_Cross,short=20;long=50,TSLA,first_close_decision_next_open_integer_shares_5pct_cash_reserve,strategy_costs_for_net_zero_costs_for_gross,net_strategy_minus_net_benchmark,40,10,2.877975,0.735099,80.569880,40284.889947,0.602008,289.031086
2,TSLA,MA_Cross,short=20;long=50,TSLA,first_close_decision_next_open_integer_shares_5pct_cash_reserve,strategy_costs_for_net_zero_costs_for_gross,net_strategy_minus_net_benchmark,40,25,2.711799,0.718095,78.855797,51256.016650,0.768184,294.459074
2,TSLA,MA_Cross,short=20;long=50,TSLA,first_close_decision_next_open_integer_shares_5pct_cash_reserve,strategy_costs_for_net_zero_costs_for_gross,net_strategy_minus_net_benchmark,40,50,2.450223,0.689739,76.130346,68516.708723,1.029760,304.147158
2,TSLA,RSI_Mean_Reversion,period=14;oversold=30;overbought=70,TSLA,first_close_decision_next_open_integer_shares_5pct_cash_reserve,strategy_costs_for_net_zero_costs_for_gross,net_strategy_minus_net_benchmark,0,0,1.542419,0.575249,56.966047,0.000000,0.000000,0.000000
2,TSLA,RSI_Mean_Reversion,period=14;oversold=30;overbought=70,TSLA,first_close_decision_next_open_integer_shares_5pct_cash_reserve,strategy_costs_for_net_zero_costs_for_gross,net_strategy_minus_net_benchmark,0,5,1.497275,0.568229,56.419473,2821.011802,0.045144,170.834979
2,TSLA,RSI_Mean_Reversion,period=14;oversold=30;overbought=70,TSLA,first_close_decision_next_open_integer_shares_5pct_cash_reserve,strategy_costs_for_net_zero_costs_for_gross,net_strategy_minus_net_benchmark,0,10,1.453100,0.561252,55.880324,5588.183250,0.089319,172.686550
2,TSLA,RSI_Mean_Reversion,period=14;oversold=30;overbought=70,TSLA,first_close_decision_next_open_integer_shares_5pct_cash_reserve,strategy_costs_for_net_zero_costs_for_gross,net_strategy_minus_net_benchmark,0,25,1.324098,0.540125,54.296495,13575.036215,0.218320,176.623368
2,TSLA,RSI_Mean_Reversion,period=14;oversold=30;overbought=70,TSLA,first_close_decision_next_open_integer_shares_5pct_cash_reserve,strategy_costs_for_net_zero_costs_for_gross,net_strategy_minus_net_benchmark,0,50,0.911017,0.465139,47.765607,23885.678329,0.631401,122.142513
2,TSLA,RSI_Mean_Reversion,period=14;oversold=30;overbought=70,TSLA,first_close_decision_next_open_integer_shares_5pct_cash_reserve,strategy_costs_for_net_zero_costs_for_gross,net_strategy_minus_net_benchmark,5,0,1.497275,0.568229,56.420236,2821.011802,0.045144,170.834979
2,TSLA,RSI_Mean_Reversion,period=14;oversold=30;overbought=70,TSLA,first_close_decision_next_open_integer_shares_5pct_cash_reserve,strategy_costs_for_net_zero_costs_for_gross,net_strategy_minus_net_benchmark,5,5,1.453100,0.561252,55.881078,5588.145526,0.089319,172.687279
2,TSLA,RSI_Mean_Reversion,period=14;oversold=30;overbought=70,TSLA,first_close_decision_next_open_integer_shares_5pct_cash_reserve,strategy_costs_for_net_zero_costs_for_gross,net_strategy_minus_net_benchmark,5,10,1.410503,0.554420,55.347652,8302.297124,0.131916,175.386599
2,TSLA,RSI_Mean_Reversion,period=14;oversold=30;overbought=70,TSLA,first_close_decision_next_open_integer_shares_5pct_cash_reserve,strategy_costs_for_net_zero_costs_for_gross,net_strategy_minus_net_benchmark,5,25,1.283080,0.533197,53.771637,16132.393896,0.259339,178.425237
2,TSLA,RSI_Mean_Reversion,period=14;oversold=30;overbought=70,TSLA,first_close_decision_next_open_integer_shares_5pct_cash_reserve,strategy_costs_for_net_zero_costs_for_gross,net_strategy_minus_net_benchmark,5,50,0.877572,0.458170,47.321713,26029.786919,0.664847,127.597872
2,TSLA,RSI_Mean_Reversion,period=14;oversold=30;overbought=70,TSLA,first_close_decision_next_open_integer_shares_5pct_cash_reserve,strategy_costs_for_net_zero_costs_for_gross,net_strategy_minus_net_benchmark,10,0,1.453100,0.561252,55.881833,5588.183250,0.089319,172.686550
2,TSLA,RSI_Mean_Reversion,period=14;oversold=30;overbought=70,TSLA,first_close_decision_next_open_integer_shares_5pct_cash_reserve,strategy_costs_for_net_zero_costs_for_gross,net_strategy_minus_net_benchmark,10,5,1.410503,0.554420,55.348399,8302.297124,0.131916,175.386599
2,TSLA,RSI_Mean_Reversion,period=14;oversold=30;overbought=70,TSLA,first_close_decision_next_open_integer_shares_5pct_cash_reserve,strategy_costs_for_net_zero_costs_for_gross,net_strategy_minus_net_benchmark,10,10,1.367521,0.547386,54.814642,10963.076084,0.174898,176.379400
2,TSLA,RSI_Mean_Reversion,period=14;oversold=30;overbought=70,TSLA,first_close_decision_next_open_integer_shares_5pct_cash_reserve,strategy_costs_for_net_zero_costs_for_gross,net_strategy_minus_net_benchmark,10,25,1.242835,0.526275,53.267885,18644.653091,0.299584,180.198991
2,TSLA,RSI_Mean_Reversion,period=14;oversold=30;overbought=70,TSLA,first_close_decision_next_open_integer_shares_5pct_cash_reserve,strategy_costs_for_net_zero_costs_for_gross,net_strategy_minus_net_benchmark,10,50,0.846314,0.451553,46.917304,28153.201827,0.696104,132.947234
2,TSLA,RSI_Mean_Reversion,period=14;oversold=30;overbought=70,TSLA,first_close_decision_next_open_integer_shares_5pct_cash_reserve,strategy_costs_for_net_zero_costs_for_gross,net_strategy_minus_net_benchmark,20,0,1.367519,0.547386,54.816119,10963.223799,0.174899,176.377911
2,TSLA,RSI_Mean_Reversion,period=14;oversold=30;overbought=70,TSLA,first_close_decision_next_open_integer_shares_5pct_cash_reserve,strategy_costs_for_net_zero_costs_for_gross,net_strategy_minus_net_benchmark,20,5,1.324100,0.540126,54.299415,13574.890230,0.218319,176.624549
2,TSLA,RSI_Mean_Reversion,period=14;oversold=30;overbought=70,TSLA,first_close_decision_next_open_integer_shares_5pct_cash_reserve,strategy_costs_for_net_zero_costs_for_gross,net_strategy_minus_net_benchmark,20,10,1.283081,0.533197,53.773804,16132.285566,0.259338,178.425982
2,TSLA,RSI_Mean_Reversion,period=14;oversold=30;overbought=70,TSLA,first_close_decision_next_open_integer_shares_5pct_cash_reserve,strategy_costs_for_net_zero_costs_for_gross,net_strategy_minus_net_benchmark,20,25,0.944321,0.471964,48.190808,21686.589519,0.598098,116.049295
2,TSLA,RSI_Mean_Reversion,period=14;oversold=30;overbought=70,TSLA,first_close_decision_next_open_integer_shares_5pct_cash_reserve,strategy_costs_for_net_zero_costs_for_gross,net_strategy_minus_net_benchmark,20,50,0.785628,0.438401,46.123995,32289.567687,0.756790,142.667420
2,TSLA,RSI_Mean_Reversion,period=14;oversold=30;overbought=70,TSLA,first_close_decision_next_open_integer_shares_5pct_cash_reserve,strategy_costs_for_net_zero_costs_for_gross,net_strategy_minus_net_benchmark,40,0,0.977015,0.478575,48.610948,19444.379332,0.565403,109.119892
2,TSLA,RSI_Mean_Reversion,period=14;oversold=30;overbought=70,TSLA,first_close_decision_next_open_integer_shares_5pct_cash_reserve,strategy_costs_for_net_zero_costs_for_gross,net_strategy_minus_net_benchmark,40,5,0.944317,0.471964,48.193131,21686.937875,0.598101,116.048619
2,TSLA,RSI_Mean_Reversion,period=14;oversold=30;overbought=70,TSLA,first_close_decision_next_open_integer_shares_5pct_cash_reserve,strategy_costs_for_net_zero_costs_for_gross,net_strategy_minus_net_benchmark,40,10,0.911022,0.465140,47.770207,23885.218379,0.631397,122.143403
2,TSLA,RSI_Mean_Reversion,period=14;oversold=30;overbought=70,TSLA,first_close_decision_next_open_integer_shares_5pct_cash_reserve,strategy_costs_for_net_zero_costs_for_gross,net_strategy_minus_net_benchmark,40,25,0.816319,0.445095,46.543179,30253.765401,0.726100,138.076345
2,TSLA,RSI_Mean_Reversion,period=14;oversold=30;overbought=70,TSLA,first_close_decision_next_open_integer_shares_5pct_cash_reserve,strategy_costs_for_net_zero_costs_for_gross,net_strategy_minus_net_benchmark,40,50,0.666618,0.411371,44.545375,40093.506172,0.875801,158.503719
2,TSLA,MACD_Momentum,fast=12;slow=26;signal=9,TSLA,first_close_decision_next_open_integer_shares_5pct_cash_reserve,strategy_costs_for_net_zero_costs_for_gross,net_strategy_minus_net_benchmark,0,0,9.020979,1.148629,371.954540,0.000000,0.000000,0.000000
2,TSLA,MACD_Momentum,fast=12;slow=26;signal=9,TSLA,first_close_decision_next_open_integer_shares_5pct_cash_reserve,strategy_costs_for_net_zero_costs_for_gross,net_strategy_minus_net_benchmark,0,5,8.520890,1.127362,359.606004,17980.517713,0.500089,90.193697
2,TSLA,MACD_Momentum,fast=12;slow=26;signal=9,TSLA,first_close_decision_next_open_integer_shares_5pct_cash_reserve,strategy_costs_for_net_zero_costs_for_gross,net_strategy_minus_net_benchmark,0,10,8.054473,1.106320,348.049609,34805.801114,0.966506,93.335964
2,TSLA,MACD_Momentum,fast=12;slow=26;signal=9,TSLA,first_close_decision_next_open_integer_shares_5pct_cash_reserve,strategy_costs_for_net_zero_costs_for_gross,net_strategy_minus_net_benchmark,0,25,6.777325,1.042956,315.533393,78888.077149,2.243654,100.516604
2,TSLA,MACD_Momentum,fast=12;slow=26;signal=9,TSLA,first_close_decision_next_open_integer_shares_5pct_cash_reserve,strategy_costs_for_net_zero_costs_for_gross,net_strategy_minus_net_benchmark,0,50,5.027893,0.936889,268.857670,134444.765851,3.993087,112.957469
2,TSLA,MACD_Momentum,fast=12;slow=26;signal=9,TSLA,first_close_decision_next_open_integer_shares_5pct_cash_reserve,strategy_costs_for_net_zero_costs_for_gross,net_strategy_minus_net_benchmark,5,0,8.520890,1.127362,359.610354,17980.517713,0.500089,90.193697
2,TSLA,MACD_Momentum,fast=12;slow=26;signal=9,TSLA,first_close_decision_next_open_integer_shares_5pct_cash_reserve,strategy_costs_for_net_zero_costs_for_gross,net_strategy_minus_net_benchmark,5,5,8.054475,1.106320,348.053810,34805.591050,0.966504,93.336167
2,TSLA,MACD_Momentum,fast=12;slow=26;signal=9,TSLA,first_close_decision_next_open_integer_shares_5pct_cash_reserve,strategy_costs_for_net_zero_costs_for_gross,net_strategy_minus_net_benchmark,5,10,7.610463,1.085365,336.865350,50530.614072,1.410516,95.932764
2,TSLA,MACD_Momentum,fast=12;slow=26;signal=9,TSLA,first_close_decision_next_open_integer_shares_5pct_cash_reserve,strategy_costs_for_net_zero_costs_for_gross,net_strategy_minus_net_benchmark,5,25,6.391055,1.021689,305.476540,91647.529278,2.629924,102.903863
2,TSLA,MACD_Momentum,fast=12;slow=26;signal=9,TSLA,first_close_decision_next_open_integer_shares_5pct_cash_reserve,strategy_costs_for_net_zero_costs_for_gross,net_strategy_minus_net_benchmark,5,50,4.730713,0.915881,260.611282,143351.615502,4.290266,115.646404
2,TSLA,MACD_Momentum,fast=12;slow=26;signal=9,TSLA,first_close_decision_next_open_integer_shares_5pct_cash_reserve,strategy_costs_for_net_zero_costs_for_gross,net_strategy_minus_net_benchmark,10,0,8.054473,1.106320,348.058011,34805.801114,0.966506,93.335964
2,TSLA,MACD_Momentum,fast=12;slow=26;signal=9,TSLA,first_close_decision_next_open_integer_shares_5pct_cash_reserve,strategy_costs_for_net_zero_costs_for_gross,net_strategy_minus_net_benchmark,10,5,7.610463,1.085365,336.869408,50530.614072,1.410516,95.932764
2,TSLA,MACD_Momentum,fast=12;slow=26;signal=9,TSLA,first_close_decision_next_open_integer_shares_5pct_cash_reserve,strategy_costs_for_net_zero_costs_for_gross,net_strategy_minus_net_benchmark,10,10,7.180162,1.064007,325.911694,65183.122081,1.840817,98.010613
2,TSLA,MACD_Momentum,fast=12;slow=26;signal=9,TSLA,first_close_decision_next_open_integer_shares_5pct_cash_reserve,strategy_costs_for_net_zero_costs_for_gross,net_strategy_minus_net_benchmark,10,25,6.030889,1.000917,295.968226,103593.295881,2.990091,105.593545
2,TSLA,MACD_Momentum,fast=12;slow=26;signal=9,TSLA,first_close_decision_next_open_integer_shares_5pct_cash_reserve,strategy_costs_for_net_zero_costs_for_gross,net_strategy_minus_net_benchmark,10,50,4.445979,0.894747,252.599178,151574.411179,4.575000,118.307920
2,TSLA,MACD_Momentum,fast=12;slow=26;signal=9,TSLA,first_close_decision_next_open_integer_shares_5pct_cash_reserve,strategy_costs_for_net_zero_costs_for_gross,net_strategy_minus_net_benchmark,20,0,7.180155,1.064007,325.919526,65183.905281,1.840825,98.010196
2,TSLA,MACD_Momentum,fast=12;slow=26;signal=9,TSLA,first_close_decision_next_open_integer_shares_5pct_cash_reserve,strategy_costs_for_net_zero_costs_for_gross,net_strategy_minus_net_benchmark,20,5,6.777333,1.042956,315.548525,78887.320529,2.243646,100.516943
2,TSLA,MACD_Momentum,fast=12;slow=26;signal=9,TSLA,first_close_decision_next_open_integer_shares_5pct_cash_reserve,strategy_costs_for_net_zero_costs_for_gross,net_strategy_minus_net_benchmark,20,10,6.391060,1.021689,305.487502,91646.981213,2.629919,102.904078
2,TSLA,MACD_Momentum,fast=12;slow=26;signal=9,TSLA,first_close_decision_next_open_integer_shares_5pct_cash_reserve,strategy_costs_for_net_zero_costs_for_gross,net_strategy_minus_net_benchmark,20,25,5.345074,0.958240,277.521506,124888.798865,3.675905,110.433775
2,TSLA,MACD_Momentum,fast=12;slow=26;signal=9,TSLA,first_close_decision_next_open_integer_shares_5pct_cash_reserve,strategy_costs_for_net_zero_costs_for_gross,net_strategy_minus_net_benchmark,20,50,3.916166,0.852338,237.423275,166210.238446,5.104814,123.700609
2,TSLA,MACD_Momentum,fast=12;slow=26;signal=9,TSLA,first_close_decision_next_open_integer_shares_5pct_cash_reserve,strategy_costs_for_net_zero_costs_for_gross,net_strategy_minus_net_benchmark,40,0,5.677764,0.979484,286.541784,114616.713428,3.343215,107.931776
2,TSLA,MACD_Momentum,fast=12;slow=26;signal=9,TSLA,first_close_decision_next_open_integer_shares_5pct_cash_reserve,strategy_costs_for_net_zero_costs_for_gross,net_strategy_minus_net_benchmark,40,5,5.345054,0.958239,277.534694,124890.777054,3.675925,110.433181
2,TSLA,MACD_Momentum,fast=12;slow=26;signal=9,TSLA,first_close_decision_next_open_integer_shares_5pct_cash_reserve,strategy_costs_for_net_zero_costs_for_gross,net_strategy_minus_net_benchmark,40,10,5.027918,0.936890,268.883159,134442.216915,3.993061,112.958190
2,TSLA,MACD_Momentum,fast=12;slow=26;signal=9,TSLA,first_close_decision_next_open_integer_shares_5pct_cash_reserve,strategy_costs_for_net_zero_costs_for_gross,net_strategy_minus_net_benchmark,40,25,4.174470,0.873483,244.918880,159200.875835,4.846510,120.986792
2,TSLA,MACD_Momentum,fast=12;slow=26;signal=9,TSLA,first_close_decision_next_open_integer_shares_5pct_cash_reserve,strategy_costs_for_net_zero_costs_for_gross,net_strategy_minus_net_benchmark,40,50,3.004957,0.767672,210.310148,189291.377503,6.016023,134.954303
2,BTC-USD,MA_Cross,short=20;long=50,BTC-USD,first_close_decision_next_open_integer_shares_5pct_cash_reserve,strategy_costs_for_net_zero_costs_for_gross,net_strategy_minus_net_benchmark,0,0,5.977774,0.850047,187.319101,0.000000,0.000000,0.000000
2,BTC-USD,MA_Cross,short=20;long=50,BTC-USD,first_close_decision_next_open_integer_shares_5pct_cash_reserve,strategy_costs_for_net_zero_costs_for_gross,net_strategy_minus_net_benchmark,0,5,5.980007,0.850634,186.046141,9302.458889,-0.002233,0.000000
2,BTC-USD,MA_Cross,short=20;long=50,BTC-USD,first_close_decision_next_open_integer_shares_5pct_cash_reserve,strategy_costs_for_net_zero_costs_for_gross,net_strategy_minus_net_benchmark,0,10,5.893439,0.847300,180.500931,18050.700530,0.084335,708.815643
2,BTC-USD,MA_Cross,short=20;long=50,BTC-USD,first_close_decision_next_open_integer_shares_5pct_cash_reserve,strategy_costs_for_net_zero_costs_for_gross,net_strategy_minus_net_benchmark,0,25,5.510260,0.823027,177.301514,44329.099449,0.467514,319.657638
2,BTC-USD,MA_Cross,short=20;long=50,BTC-USD,first_close_decision_next_open_integer_shares_5pct_cash_reserve,strategy_costs_for_net_zero_costs_for_gross,net_strategy_minus_net_benchmark,0,50,4.762531,0.780830,169.301395,84664.720647,1.215243,245.949660
2,BTC-USD,MA_Cross,short=20;long=50,BTC-USD,first_close_decision_next_open_integer_shares_5pct_cash_reserve,strategy_costs_for_net_zero_costs_for_gross,net_strategy_minus_net_benchmark,5,0,5.980007,0.850634,186.049178,9302.458889,-0.002233,0.000000
2,BTC-USD,MA_Cross,short=20;long=50,BTC-USD,first_close_decision_next_open_integer_shares_5pct_cash_reserve,strategy_costs_for_net_zero_costs_for_gross,net_strategy_minus_net_benchmark,5,5,5.893441,0.847300,180.503968,18050.548681,0.084333,708.828405
2,BTC-USD,MA_Cross,short=20;long=50,BTC-USD,first_close_decision_next_open_integer_shares_5pct_cash_reserve,strategy_costs_for_net_zero_costs_for_gross,net_strategy_minus_net_benchmark,5,10,5.661932,0.833578,178.477699,26772.247781,0.315842,283.897023
2,BTC-USD,MA_Cross,short=20;long=50,BTC-USD,first_close_decision_next_open_integer_shares_5pct_cash_reserve,strategy_costs_for_net_zero_costs_for_gross,net_strategy_minus_net_benchmark,5,25,5.269046,0.813446,173.818260,52149.096966,0.708728,253.035274
2,BTC-USD,MA_Cross,short=20;long=50,BTC-USD,first_close_decision_next_open_integer_shares_5pct_cash_reserve,strategy_costs_for_net_zero_costs_for_gross,net_strategy_minus_net_benchmark,5,50,4.686403,0.775593,164.913217,90716.253125,1.291371,254.595739
2,BTC-USD,MA_Cross,short=20;long=50,BTC-USD,first_close_decision_next_open_integer_shares_5pct_cash_reserve,strategy_costs_for_net_zero_costs_for_gross,net_strategy_minus_net_benchmark,10,0,5.893439,0.847300,180.507005,18050.700530,0.084335,708.815643
2,BTC-USD,MA_Cross,short=20;long=50,BTC-USD,first_close_decision_next_open_integer_shares_5pct_cash_reserve,strategy_costs_for_net_zero_costs_for_gross,net_strategy_minus_net_benchmark,10,5,5.661932,0.833578,178.480664,26772.247781,0.315842,283.897023
2,BTC-USD,MA_Cross,short=20;long=50,BTC-USD,first_close_decision_next_open_integer_shares_5pct_cash_reserve,strategy_costs_for_net_zero_costs_for_gross,net_strategy_minus_net_benchmark,10,10,5.562576,0.826355,177.751918,35550.975399,0.415199,287.947727
2,BTC-USD,MA_Cross,short=20;long=50,BTC-USD,first_close_decision_next_open_integer_shares_5pct_cash_reserve,strategy_costs_for_net_zero_costs_for_gross,net_strategy_minus_net_benchmark,10,25,4.836023,0.788143,172.204604,60275.010637,1.141751,183.246635
2,BTC-USD,MA_Cross,short=20;long=50,BTC-USD,first_close_decision_next_open_integer_shares_5pct_cash_reserve,strategy_costs_for_net_zero_costs_for_gross,net_strategy_minus_net_benchmark,10,50,4.575400,0.768627,162.185718,97325.302157,1.402374,255.756540
2,BTC-USD,MA_Cross,short=20;long=50,BTC-USD,first_close_decision_next_open_integer_shares_5pct_cash_reserve,strategy_costs_for_net_zero_costs_for_gross,net_strategy_minus_net_benchmark,20,0,5.562570,0.826355,177.757836,35551.567208,0.415204,287.943623
2,BTC-USD,MA_Cross,short=20;long=50,BTC-USD,first_close_decision_next_open_integer_shares_5pct_cash_reserve,strategy_costs_for_net_zero_costs_for_gross,net_strategy_minus_net_benchmark,20,5,5.510266,0.823027,177.313421,44328.504094,0.467508,319.661708
2,BTC-USD,MA_Cross,short=20;long=50,BTC-USD,first_close_decision_next_open_integer_shares_5pct_cash_reserve,strategy_costs_for_net_zero_costs_for_gross,net_strategy_minus_net_benchmark,20,10,5.269050,0.813446,173.826945,52148.662675,0.708724,253.036825
2,BTC-USD,MA_Cross,short=20;long=50,BTC-USD,first_close_decision_next_open_integer_shares_5pct_cash_reserve,strategy_costs_for_net_zero_costs_for_gross,net_strategy_minus_net_benchmark,20,25,4.744560,0.782401,169.141318,76117.034139,1.233214,218.129015
2,BTC-USD,MA_Cross,short=20;long=50,BTC-USD,first_close_decision_next_open_integer_shares_5pct_cash_reserve,strategy_costs_for_net_zero_costs_for_gross,net_strategy_minus_net_benchmark,20,50,4.558735,0.768658,160.544000,112395.006985,1.419039,294.878471
2,BTC-USD,MA_Cross,short=20;long=50,BTC-USD,first_close_decision_next_open_integer_shares_5pct_cash_reserve,strategy_costs_for_net_zero_costs_for_gross,net_strategy_minus_net_benchmark,40,0,4.824194,0.788804,171.352595,68541.038080,1.153580,207.277253
2,BTC-USD,MA_Cross,short=20;long=50,BTC-USD,first_close_decision_next_open_integer_shares_5pct_cash_reserve,strategy_costs_for_net_zero_costs_for_gross,net_strategy_minus_net_benchmark,40,5,4.744543,0.782401,169.152329,76118.685858,1.233231,218.126094
2,BTC-USD,MA_Cross,short=20;long=50,BTC-USD,first_close_decision_next_open_integer_shares_5pct_cash_reserve,strategy_costs_for_net_zero_costs_for_gross,net_strategy_minus_net_benchmark,40,10,4.762553,0.780831,169.323832,84662.476976,1.215221,245.954201
2,BTC-USD,MA_Cross,short=20;long=50,BTC-USD,first_close_decision_next_open_integer_shares_5pct_cash_reserve,strategy_costs_for_net_zero_costs_for_gross,net_strategy_minus_net_benchmark,40,25,4.639021,0.776351,160.558207,104366.386294,1.338753,290.236693
2,BTC-USD,MA_Cross,short=20;long=50,BTC-USD,first_close_decision_next_open_integer_shares_5pct_cash_reserve,strategy_costs_for_net_zero_costs_for_gross,net_strategy_minus_net_benchmark,40,50,3.994185,0.728850,154.133778,138733.853704,1.983590,271.225294
2,BTC-USD,RSI_Mean_Reversion,period=14;oversold=30;overbought=70,BTC-USD,first_close_decision_next_open_integer_shares_5pct_cash_reserve,strategy_costs_for_net_zero_costs_for_gross,net_strategy_minus_net_benchmark,0,0,-0.038823,0.104734,20.786354,0.000000,0.000000,0.000000
2,BTC-USD,RSI_Mean_Reversion,period=14;oversold=30;overbought=70,BTC-USD,first_close_decision_next_open_integer_shares_5pct_cash_reserve,strategy_costs_for_net_zero_costs_for_gross,net_strategy_minus_net_benchmark,0,5,-0.049216,0.100001,20.786815,1039.317680,0.010393,-18.677124
2,BTC-USD,RSI_Mean_Reversion,period=14;oversold=30;overbought=70,BTC-USD,first_close_decision_next_open_integer_shares_5pct_cash_reserve,strategy_costs_for_net_zero_costs_for_gross,net_strategy_minus_net_benchmark,0,10,-0.059609,0.095267,20.787277,2078.635359,0.020786,-18.677124
2,BTC-USD,RSI_Mean_Reversion,period=14;oversold=30;overbought=70,BTC-USD,first_close_decision_next_open_integer_shares_5pct_cash_reserve,strategy_costs_for_net_zero_costs_for_gross,net_strategy_minus_net_benchmark,0,25,-0.061266,0.095805,20.759139,5189.226113,0.022443,-43.245913
2,BTC-USD,RSI_Mean_Reversion,period=14;oversold=30;overbought=70,BTC-USD,first_close_decision_next_open_integer_shares_5pct_cash_reserve,strategy_costs_for_net_zero_costs_for_gross,net_strategy_minus_net_benchmark,0,50,-0.211589,0.009853,18.116293,9057.844141,0.172766,-11.235686
2,BTC-USD,RSI_Mean_Reversion,period=14;oversold=30;overbought=70,BTC-USD,first_close_decision_next_open_integer_shares_5pct_cash_reserve,strategy_costs_for_net_zero_costs_for_gross,net_strategy_minus_net_benchmark,5,0,-0.049216,0.100001,20.786354,1039.317680,0.010393,-18.677124
2,BTC-USD,RSI_Mean_Reversion,period=14;oversold=30;overbought=70,BTC-USD,first_close_decision_next_open_integer_shares_5pct_cash_reserve,strategy_costs_for_net_zero_costs_for_gross,net_strategy_minus_net_benchmark,5,5,-0.059610,0.095267,20.786815,2078.658437,0.020787,-18.676916
2,BTC-USD,RSI_Mean_Reversion,period=14;oversold=30;overbought=70,BTC-USD,first_close_decision_next_open_integer_shares_5pct_cash_reserve,strategy_costs_for_net_zero_costs_for_gross,net_strategy_minus_net_benchmark,5,10,-0.046709,0.102265,20.763994,3114.509126,0.007886,-73.847946
2,BTC-USD,RSI_Mean_Reversion,period=14;oversold=30;overbought=70,BTC-USD,first_close_decision_next_open_integer_shares_5pct_cash_reserve,strategy_costs_for_net_zero_costs_for_gross,net_strategy_minus_net_benchmark,5,25,-0.048316,0.102792,20.735821,6220.202325,0.009494,-122.682568
2,BTC-USD,RSI_Mean_Reversion,period=14;oversold=30;overbought=70,BTC-USD,first_close_decision_next_open_integer_shares_5pct_cash_reserve,strategy_costs_for_net_zero_costs_for_gross,net_strategy_minus_net_benchmark,5,50,-0.220647,0.005297,18.116293,9963.658807,0.181824,-11.743540
2,BTC-USD,RSI_Mean_Reversion,period=14;oversold=30;overbought=70,BTC-USD,first_close_decision_next_open_integer_shares_5pct_cash_reserve,strategy_costs_for_net_zero_costs_for_gross,net_strategy_minus_net_benchmark,10,0,-0.059609,0.095267,20.786354,2078.635359,0.020786,-18.677124
2,BTC-USD,RSI_Mean_Reversion,period=14;oversold=30;overbought=70,BTC-USD,first_close_decision_next_open_integer_shares_5pct_cash_reserve,strategy_costs_for_net_zero_costs_for_gross,net_strategy_minus_net_benchmark,10,5,-0.046709,0.102265,20.763544,3114.509126,0.007886,-73.847946
2,BTC-USD,RSI_Mean_Reversion,period=14;oversold=30;overbought=70,BTC-USD,first_close_decision_next_open_integer_shares_5pct_cash_reserve,strategy_costs_for_net_zero_costs_for_gross,net_strategy_minus_net_benchmark,10,10,-0.057091,0.097604,20.763994,4152.708830,0.018268,-42.504422
2,BTC-USD,RSI_Mean_Reversion,period=14;oversold=30;overbought=70,BTC-USD,first_close_decision_next_open_integer_shares_5pct_cash_reserve,strategy_costs_for_net_zero_costs_for_gross,net_strategy_minus_net_benchmark,10,25,-0.058684,0.098195,20.735821,7256.993381,0.019861,-68.414175
2,BTC-USD,RSI_Mean_Reversion,period=14;oversold=30;overbought=70,BTC-USD,first_close_decision_next_open_integer_shares_5pct_cash_reserve,strategy_costs_for_net_zero_costs_for_gross,net_strategy_minus_net_benchmark,10,50,-0.229705,0.000745,18.116293,10869.473474,0.190882,-12.203194
2,BTC-USD,RSI_Mean_Reversion,period=14;oversold=30;overbought=70,BTC-USD,first_close_decision_next_open_integer_shares_5pct_cash_reserve,strategy_costs_for_net_zero_costs_for_gross,net_strategy_minus_net_benchmark,20,0,-0.057090,0.097604,20.763094,4152.618844,0.018267,-42.506516
2,BTC-USD,RSI_Mean_Reversion,period=14;oversold=30;overbought=70,BTC-USD,first_close_decision_next_open_integer_shares_5pct_cash_reserve,strategy_costs_for_net_zero_costs_for_gross,net_strategy_minus_net_benchmark,20,5,-0.061267,0.095805,20.757351,5189.315481,0.022444,-43.244191
2,BTC-USD,RSI_Mean_Reversion,period=14;oversold=30;overbought=70,BTC-USD,first_close_decision_next_open_integer_shares_5pct_cash_reserve,strategy_costs_for_net_zero_costs_for_gross,net_strategy_minus_net_benchmark,20,10,-0.048317,0.102792,20.734515,6220.267607,0.009494,-122.674132
2,BTC-USD,RSI_Mean_Reversion,period=14;oversold=30;overbought=70,BTC-USD,first_close_decision_next_open_integer_shares_5pct_cash_reserve,strategy_costs_for_net_zero_costs_for_gross,net_strategy_minus_net_benchmark,20,25,-0.202532,0.014412,18.115991,8152.120232,0.163709,-10.671573
2,BTC-USD,RSI_Mean_Reversion,period=14;oversold=30;overbought=70,BTC-USD,first_close_decision_next_open_integer_shares_5pct_cash_reserve,strategy_costs_for_net_zero_costs_for_gross,net_strategy_minus_net_benchmark,20,50,-0.261346,-0.018191,17.776634,12443.301435,0.222523,-12.212687
2,BTC-USD,RSI_Mean_Reversion,period=14;oversold=30;overbought=70,BTC-USD,first_close_decision_next_open_integer_shares_5pct_cash_reserve,strategy_costs_for_net_zero_costs_for_gross,net_strategy_minus_net_benchmark,40,0,-0.069049,0.093602,20.733645,8293.458031,0.030226,-51.376757
2,BTC-USD,RSI_Mean_Reversion,period=14;oversold=30;overbought=70,BTC-USD,first_close_decision_next_open_integer_shares_5pct_cash_reserve,strategy_costs_for_net_zero_costs_for_gross,net_strategy_minus_net_benchmark,40,5,-0.202532,0.014411,18.115749,8152.083929,0.163709,-10.671596
2,BTC-USD,RSI_Mean_Reversion,period=14;oversold=30;overbought=70,BTC-USD,first_close_decision_next_open_integer_shares_5pct_cash_reserve,strategy_costs_for_net_zero_costs_for_gross,net_strategy_minus_net_benchmark,40,10,-0.211590,0.009853,18.115809,9057.892545,0.172767,-11.235654
2,BTC-USD,RSI_Mean_Reversion,period=14;oversold=30;overbought=70,BTC-USD,first_close_decision_next_open_integer_shares_5pct_cash_reserve,strategy_costs_for_net_zero_costs_for_gross,net_strategy_minus_net_benchmark,40,25,-0.255565,-0.015557,17.779386,11556.513423,0.216742,-11.642833
2,BTC-USD,RSI_Mean_Reversion,period=14;oversold=30;overbought=70,BTC-USD,first_close_decision_next_open_integer_shares_5pct_cash_reserve,strategy_costs_for_net_zero_costs_for_gross,net_strategy_minus_net_benchmark,40,50,-0.254995,-0.011689,17.389097,15649.941175,0.216172,-16.163348
2,BTC-USD,MACD_Momentum,fast=12;slow=26;signal=9,BTC-USD,first_close_decision_next_open_integer_shares_5pct_cash_reserve,strategy_costs_for_net_zero_costs_for_gross,net_strategy_minus_net_benchmark,0,0,6.142159,0.897898,696.200838,0.000000,0.000000,0.000000
2,BTC-USD,MACD_Momentum,fast=12;slow=26;signal=9,BTC-USD,first_close_decision_next_open_integer_shares_5pct_cash_reserve,strategy_costs_for_net_zero_costs_for_gross,net_strategy_minus_net_benchmark,0,5,5.901692,0.881636,683.384598,34169.231231,0.240467,127.712918
2,BTC-USD,MACD_Momentum,fast=12;slow=26;signal=9,BTC-USD,first_close_decision_next_open_integer_shares_5pct_cash_reserve,strategy_costs_for_net_zero_costs_for_gross,net_strategy_minus_net_benchmark,0,10,5.314426,0.851021,645.401969,64540.262309,0.827733,74.204606
2,BTC-USD,MACD_Momentum,fast=12;slow=26;signal=9,BTC-USD,first_close_decision_next_open_integer_shares_5pct_cash_reserve,strategy_costs_for_net_zero_costs_for_gross,net_strategy_minus_net_benchmark,0,25,4.206780,0.773043,581.129492,145283.146871,1.935379,79.340531
2,BTC-USD,MACD_Momentum,fast=12;slow=26;signal=9,BTC-USD,first_close_decision_next_open_integer_shares_5pct_cash_reserve,strategy_costs_for_net_zero_costs_for_gross,net_strategy_minus_net_benchmark,0,50,2.802020,0.661005,470.754080,235381.086589,3.340138,91.944674
2,BTC-USD,MACD_Momentum,fast=12;slow=26;signal=9,BTC-USD,first_close_decision_next_open_integer_shares_5pct_cash_reserve,strategy_costs_for_net_zero_costs_for_gross,net_strategy_minus_net_benchmark,5,0,5.901692,0.881636,683.384625,34169.231231,0.240467,127.712918
2,BTC-USD,MACD_Momentum,fast=12;slow=26;signal=9,BTC-USD,first_close_decision_next_open_integer_shares_5pct_cash_reserve,strategy_costs_for_net_zero_costs_for_gross,net_strategy_minus_net_benchmark,5,5,5.314426,0.851021,645.402296,64540.245959,0.827733,74.204621
2,BTC-USD,MACD_Momentum,fast=12;slow=26;signal=9,BTC-USD,first_close_decision_next_open_integer_shares_5pct_cash_reserve,strategy_costs_for_net_zero_costs_for_gross,net_strategy_minus_net_benchmark,5,10,4.978066,0.826717,626.672448,94000.928358,1.164093,79.145219
2,BTC-USD,MACD_Momentum,fast=12;slow=26;signal=9,BTC-USD,first_close_decision_next_open_integer_shares_5pct_cash_reserve,strategy_costs_for_net_zero_costs_for_gross,net_strategy_minus_net_benchmark,5,25,3.883407,0.748723,550.944182,165283.951389,2.258752,81.578123
2,BTC-USD,MACD_Momentum,fast=12;slow=26;signal=9,BTC-USD,first_close_decision_next_open_integer_shares_5pct_cash_reserve,strategy_costs_for_net_zero_costs_for_gross,net_strategy_minus_net_benchmark,5,50,2.507171,0.630788,446.242286,245439.028817,3.634988,92.935306
2,BTC-USD,MACD_Momentum,fast=12;slow=26;signal=9,BTC-USD,first_close_decision_next_open_integer_shares_5pct_cash_reserve,strategy_costs_for_net_zero_costs_for_gross,net_strategy_minus_net_benchmark,10,0,5.314426,0.851021,645.402623,64540.262309,0.827733,74.204606
2,BTC-USD,MACD_Momentum,fast=12;slow=26;signal=9,BTC-USD,first_close_decision_next_open_integer_shares_5pct_cash_reserve,strategy_costs_for_net_zero_costs_for_gross,net_strategy_minus_net_benchmark,10,5,4.978066,0.826717,626.672754,94000.928358,1.164093,79.145219
2,BTC-USD,MACD_Momentum,fast=12;slow=26;signal=9,BTC-USD,first_close_decision_next_open_integer_shares_5pct_cash_reserve,strategy_costs_for_net_zero_costs_for_gross,net_strategy_minus_net_benchmark,10,10,4.565893,0.798078,605.905381,121181.211768,1.576266,77.933046
2,BTC-USD,MACD_Momentum,fast=12;slow=26;signal=9,BTC-USD,first_close_decision_next_open_integer_shares_5pct_cash_reserve,strategy_costs_for_net_zero_costs_for_gross,net_strategy_minus_net_benchmark,10,25,3.696113,0.735688,544.182894,190464.749800,2.446046,87.886966
2,BTC-USD,MACD_Momentum,fast=12;slow=26;signal=9,BTC-USD,first_close_decision_next_open_integer_shares_5pct_cash_reserve,strategy_costs_for_net_zero_costs_for_gross,net_strategy_minus_net_benchmark,10,50,2.206959,0.593884,438.762518,263262.977780,3.935200,93.649506
2,BTC-USD,MACD_Momentum,fast=12;slow=26;signal=9,BTC-USD,first_close_decision_next_open_integer_shares_5pct_cash_reserve,strategy_costs_for_net_zero_costs_for_gross,net_strategy_minus_net_benchmark,20,0,4.565892,0.798078,605.906737,121181.347388,1.576267,77.932979
2,BTC-USD,MACD_Momentum,fast=12;slow=26;signal=9,BTC-USD,first_close_decision_next_open_integer_shares_5pct_cash_reserve,strategy_costs_for_net_zero_costs_for_gross,net_strategy_minus_net_benchmark,20,5,4.206781,0.773044,581.131968,145283.023061,1.935377,79.340582
2,BTC-USD,MACD_Momentum,fast=12;slow=26;signal=9,BTC-USD,first_close_decision_next_open_integer_shares_5pct_cash_reserve,strategy_costs_for_net_zero_costs_for_gross,net_strategy_minus_net_benchmark,20,10,3.883408,0.748723,550.945854,165283.867784,2.258751,81.578153
2,BTC-USD,MACD_Momentum,fast=12;slow=26;signal=9,BTC-USD,first_close_decision_next_open_integer_shares_5pct_cash_reserve,strategy_costs_for_net_zero_costs_for_gross,net_strategy_minus_net_benchmark,20,25,2.897886,0.666753,485.669181,218552.097912,3.244273,85.195395
2,BTC-USD,MACD_Momentum,fast=12;slow=26;signal=9,BTC-USD,first_close_decision_next_open_integer_shares_5pct_cash_reserve,strategy_costs_for_net_zero_costs_for_gross,net_strategy_minus_net_benchmark,20,50,1.836144,0.547782,396.430659,277506.357363,4.306015,99.848972
2,BTC-USD,MACD_Momentum,fast=12;slow=26;signal=9,BTC-USD,first_close_decision_next_open_integer_shares_5pct_cash_reserve,strategy_costs_for_net_zero_costs_for_gross,net_strategy_minus_net_benchmark,40,0,3.222673,0.698398,499.316751,199726.700467,2.919486,84.153981
2,BTC-USD,MACD_Momentum,fast=12;slow=26;signal=9,BTC-USD,first_close_decision_next_open_integer_shares_5pct_cash_reserve,strategy_costs_for_net_zero_costs_for_gross,net_strategy_minus_net_benchmark,40,5,2.897881,0.666752,485.672274,218552.561772,3.244278,85.195273
2,BTC-USD,MACD_Momentum,fast=12;slow=26;signal=9,BTC-USD,first_close_decision_next_open_integer_shares_5pct_cash_reserve,strategy_costs_for_net_zero_costs_for_gross,net_strategy_minus_net_benchmark,40,10,2.802027,0.661006,470.760555,235380.439139,3.340132,91.944853
2,BTC-USD,MACD_Momentum,fast=12;slow=26;signal=9,BTC-USD,first_close_decision_next_open_integer_shares_5pct_cash_reserve,strategy_costs_for_net_zero_costs_for_gross,net_strategy_minus_net_benchmark,40,25,2.141317,0.587644,412.088087,267858.610943,4.000841,99.789090
2,BTC-USD,MACD_Momentum,fast=12;slow=26;signal=9,BTC-USD,first_close_decision_next_open_integer_shares_5pct_cash_reserve,strategy_costs_for_net_zero_costs_for_gross,net_strategy_minus_net_benchmark,40,50,1.096977,0.434339,330.689574,297626.377748,5.045182,109.568757
