schema_version,window_mode,ticker,strategy,window_id,train_start,train_end,test_start,test_end,train_observations,test_observations,parameter_set,in_sample_sharpe,in_sample_total_return,out_of_sample_total_return,out_of_sample_sharpe,out_of_sample_max_drawdown,out_of_sample_trades,starting_capital,ending_capital,continuity_policy,boundary_position_policy,boundary_liquidation_costs,linked_return,cumulative_oos_return,benchmark_ticker,benchmark_execution_policy,benchmark_cost_policy,excess_return_basis
2,calendar_duration,AAPL,MACD_Momentum,0,2020-01-02,2022-12-30,2023-01-03,2023-06-30,756,124,fast=12;slow=26;signal=9,0.967691,0.701489,0.209805,2.748945,-0.058723,16,100000.000000,120980.528120,continuous_capital,liquidate_at_test_end_close,172.769662,0.209805,0.209805,AAPL,first_close_decision_next_open_integer_shares_5pct_cash_reserve,strategy_costs_for_net_zero_costs_for_gross,net_strategy_minus_net_benchmark
2,calendar_duration,AAPL,MA_Cross,1,2020-01-02,2022-12-30,2023-01-03,2023-06-30,756,124,short=5;long=50,0.875556,0.630067,0.336469,3.282953,-0.062073,2,100000.000000,133646.899045,continuous_capital,liquidate_at_test_end_close,194.584013,0.336469,0.336469,AAPL,first_close_decision_next_open_integer_shares_5pct_cash_reserve,strategy_costs_for_net_zero_costs_for_gross,net_strategy_minus_net_benchmark
2,calendar_duration,AAPL,RSI_Mean_Reversion,2,2020-01-02,2022-12-30,2023-01-03,2023-06-30,756,124,period=14;oversold=25;overbought=75,0.451925,0.290203,0.103211,2.566795,-0.015638,2,100000.000000,110321.137784,continuous_capital,liquidate_at_test_end_close,0.000000,0.103211,0.103211,AAPL,first_close_decision_next_open_integer_shares_5pct_cash_reserve,strategy_costs_for_net_zero_costs_for_gross,net_strategy_minus_net_benchmark
2,calendar_duration,AAPL,Volatility_Breakout,3,2020-01-02,2022-12-30,2023-01-03,2023-06-30,756,124,lookback=40;multiplier=1.5,0.342324,0.177525,0.285736,2.992304,-0.060340,2,100000.000000,128573.598984,continuous_capital,liquidate_at_test_end_close,182.949693,0.285736,0.285736,AAPL,first_close_decision_next_open_integer_shares_5pct_cash_reserve,strategy_costs_for_net_zero_costs_for_gross,net_strategy_minus_net_benchmark
2,calendar_duration,AAPL,MACD_Momentum,4,2020-07-02,2023-06-30,2023-07-03,2023-12-29,754,126,fast=12;slow=26;signal=9,0.870664,0.554265,0.028167,0.576405,-0.085437,10,120980.528120,124388.245228,continuous_capital,liquidate_at_test_end_close,0.000000,0.028167,0.243882,AAPL,first_close_decision_next_open_integer_shares_5pct_cash_reserve,strategy_costs_for_net_zero_costs_for_gross,net_strategy_minus_net_benchmark
2,calendar_duration,AAPL,MA_Cross,5,2020-07-02,2023-06-30,2023-07-03,2023-12-29,754,126,short=5;long=50,0.757421,0.423971,-0.040213,-0.830079,-0.087146,6,133646.899045,128272.508026,continuous_capital,liquidate_at_test_end_close,184.189792,-0.040213,0.282725,AAPL,first_close_decision_next_open_integer_shares_5pct_cash_reserve,strategy_costs_for_net_zero_costs_for_gross,net_strategy_minus_net_benchmark
2,calendar_duration,AAPL,RSI_Mean_Reversion,6,2020-07-02,2023-06-30,2023-07-03,2023-12-29,754,126,period=7;oversold=20;overbought=80,0.589178,0.309541,0.063520,1.080864,-0.045975,8,110321.137784,117328.758808,continuous_capital,liquidate_at_test_end_close,167.445265,0.063520,0.173288,AAPL,first_close_decision_next_open_integer_shares_5pct_cash_reserve,strategy_costs_for_net_zero_costs_for_gross,net_strategy_minus_net_benchmark
2,calendar_duration,AAPL,Volatility_Breakout,7,2020-07-02,2023-06-30,2023-07-03,2023-12-29,754,126,lookback=20;multiplier=1.5,0.738479,0.504007,0.077302,1.781049,-0.028564,4,128573.598984,138512.609196,continuous_capital,liquidate_at_test_end_close,200.356921,0.077302,0.385126,AAPL,first_close_decision_next_open_integer_shares_5pct_cash_reserve,strategy_costs_for_net_zero_costs_for_gross,net_strategy_minus_net_benchmark
2,calendar_duration,AAPL,MACD_Momentum,8,2021-01-04,2023-12-29,2024-01-02,2024-07-01,753,125,fast=12;slow=26;signal=9,0.815992,0.428705,-0.000224,0.082902,-0.108380,12,124388.245228,124360.347175,continuous_capital,liquidate_at_test_end_close,0.000000,-0.000224,0.243603,AAPL,first_close_decision_next_open_integer_shares_5pct_cash_reserve,strategy_costs_for_net_zero_costs_for_gross,net_strategy_minus_net_benchmark
2,calendar_duration,AAPL,MA_Cross,9,2021-01-04,2023-12-29,2024-01-02,2024-07-01,753,125,short=5;long=50,0.604854,0.283937,0.106324,1.459413,-0.062823,4,128272.508026,141910.911947,continuous_capital,liquidate_at_test_end_close,203.135391,0.106324,0.419109,AAPL,first_close_decision_next_open_integer_shares_5pct_cash_reserve,strategy_costs_for_net_zero_costs_for_gross,net_strategy_minus_net_benchmark
2,calendar_duration,AAPL,RSI_Mean_Reversion,10,2021-01-04,2023-12-29,2024-01-02,2024-07-01,753,125,period=7;oversold=20;overbought=80,0.555527,0.255769,0.050415,0.646950,-0.122365,4,117328.758808,123243.884542,continuous_capital,liquidate_at_test_end_close,0.000000,0.050415,0.232439,AAPL,first_close_decision_next_open_integer_shares_5pct_cash_reserve,strategy_costs_for_net_zero_costs_for_gross,net_strategy_minus_net_benchmark
2,calendar_duration,AAPL,Volatility_Breakout,11,2021-01-04,2023-12-29,2024-01-02,2024-07-01,753,125,lookback=20;multiplier=1.5,0.855798,0.560761,0.066077,0.816065,-0.165077,6,138512.609196,147665.055546,continuous_capital,liquidate_at_test_end_close,211.585823,0.066077,0.476651,AAPL,first_close_decision_next_open_integer_shares_5pct_cash_reserve,strategy_costs_for_net_zero_costs_for_gross,net_strategy_minus_net_benchmark
2,calendar_duration,AAPL,MACD_Momentum,12,2021-07-02,2024-07-01,2024-07-02,2024-12-31,753,127,fast=20;slow=40;signal=10,0.685659,0.360795,0.017801,0.366556,-0.060000,8,124360.347175,126574.048254,continuous_capital,liquidate_at_test_end_close,182.495327,0.017801,0.265740,AAPL,first_close_decision_next_open_integer_shares_5pct_cash_reserve,strategy_costs_for_net_zero_costs_for_gross,net_strategy_minus_net_benchmark
2,calendar_duration,AAPL,MA_Cross,13,2021-07-02,2024-07-01,2024-07-02,2024-12-31,753,127,short=10;long=50,0.722570,0.347106,-0.003039,0.022827,-0.085030,6,141910.911947,141479.711982,continuous_capital,liquidate_at_test_end_close,202.021576,-0.003039,0.414797,AAPL,first_close_decision_next_open_integer_shares_5pct_cash_reserve,strategy_costs_for_net_zero_costs_for_gross,net_strategy_minus_net_benchmark
2,calendar_duration,AAPL,RSI_Mean_Reversion,14,2021-07-02,2024-07-01,2024-07-02,2024-12-31,753,127,period=7;oversold=20;overbought=80,0.648915,0.312050,0.106063,1.704301,-0.063684,6,123243.884542,136315.500251,continuous_capital,liquidate_at_test_end_close,0.000000,0.106063,0.363155,AAPL,first_close_decision_next_open_integer_shares_5pct_cash_reserve,strategy_costs_for_net_zero_costs_for_gross,net_strategy_minus_net_benchmark
2,calendar_duration,AAPL,Volatility_Breakout,15,2021-07-02,2024-07-01,2024-07-02,2024-12-31,753,127,lookback=20;multiplier=1.5,0.776011,0.484332,0.062317,1.337722,-0.044279,6,147665.055546,156867.154274,continuous_capital,liquidate_at_test_end_close,223.800853,0.062317,0.568672,AAPL,first_close_decision_next_open_integer_shares_5pct_cash_reserve,strategy_costs_for_net_zero_costs_for_gross,net_strategy_minus_net_benchmark
2,calendar_duration,AAPL,MACD_Momentum,16,2022-01-03,2024-12-31,2025-01-02,2025-07-01,753,123,fast=16;slow=32;signal=9,0.613528,0.301905,-0.152991,-1.434667,-0.220348,14,126574.048254,107209.414499,continuous_capital,liquidate_at_test_end_close,153.943294,-0.152991,0.072094,AAPL,first_close_decision_next_open_integer_shares_5pct_cash_reserve,strategy_costs_for_net_zero_costs_for_gross,net_strategy_minus_net_benchmark
2,calendar_duration,AAPL,MA_Cross,17,2022-01-03,2024-12-31,2025-01-02,2025-07-01,753,123,short=10;long=200,0.858770,0.427971,0.000000,0.000000,0.000000,0,141479.711982,141479.711982,continuous_capital,liquidate_at_test_end_close,0.000000,0.000000,0.414797,AAPL,first_close_decision_next_open_integer_shares_5pct_cash_reserve,strategy_costs_for_net_zero_costs_for_gross,net_strategy_minus_net_benchmark
2,calendar_duration,AAPL,RSI_Mean_Reversion,18,2022-01-03,2024-12-31,2025-01-02,2025-07-01,753,123,period=7;oversold=20;overbought=80,0.848939,0.455242,0.249144,1.698248,-0.087155,10,136315.500251,170277.693293,continuous_capital,liquidate_at_test_end_close,0.000000,0.249144,0.702777,AAPL,first_close_decision_next_open_integer_shares_5pct_cash_reserve,strategy_costs_for_net_zero_costs_for_gross,net_strategy_minus_net_benchmark
2,calendar_duration,AAPL,Volatility_Breakout,19,2022-01-03,2024-12-31,2025-01-02,2025-07-01,753,123,lookback=20;multiplier=1.5,0.804952,0.488428,0.067470,0.812157,-0.077359,4,156867.154274,167450.916270,continuous_capital,liquidate_at_test_end_close,229.356810,0.067470,0.674509,AAPL,first_close_decision_next_open_integer_shares_5pct_cash_reserve,strategy_costs_for_net_zero_costs_for_gross,net_strategy_minus_net_benchmark
2,calendar_duration,MSFT,MACD_Momentum,20,2020-01-02,2022-12-30,2023-01-03,2023-06-30,756,124,fast=8;slow=21;signal=5,0.009036,-0.051394,0.075015,0.854049,-0.083189,16,100000.000000,107501.508098,continuous_capital,liquidate_at_test_end_close,0.000000,0.075015,0.075015,MSFT,first_close_decision_next_open_integer_shares_5pct_cash_reserve,strategy_costs_for_net_zero_costs_for_gross,net_strategy_minus_net_benchmark
2,calendar_duration,MSFT,MA_Cross,21,2020-01-02,2022-12-30,2023-01-03,2023-06-30,756,124,short=5;long=100,0.728523,0.300314,0.347250,2.576321,-0.091228,2,100000.000000,134724.983708,continuous_capital,liquidate_at_test_end_close,195.575021,0.347250,0.347250,MSFT,first_close_decision_next_open_integer_shares_5pct_cash_reserve,strategy_costs_for_net_zero_costs_for_gross,net_strategy_minus_net_benchmark
2,calendar_duration,MSFT,RSI_Mean_Reversion,22,2020-01-02,2022-12-30,2023-01-03,2023-06-30,756,124,period=14;oversold=30;overbought=70,0.602295,0.444074,0.197818,2.887865,-0.033103,4,100000.000000,119781.844644,continuous_capital,liquidate_at_test_end_close,0.000000,0.197818,0.197818,MSFT,first_close_decision_next_open_integer_shares_5pct_cash_reserve,strategy_costs_for_net_zero_costs_for_gross,net_strategy_minus_net_benchmark
2,calendar_duration,MSFT,Volatility_Breakout,23,2020-01-02,2022-12-30,2023-01-03,2023-06-30,756,124,lookback=40;multiplier=1.5,0.353692,0.178912,0.309514,2.284752,-0.096895,4,100000.000000,130951.417359,continuous_capital,liquidate_at_test_end_close,188.426065,0.309514,0.309514,MSFT,first_close_decision_next_open_integer_shares_5pct_cash_reserve,strategy_costs_for_net_zero_costs_for_gross,net_strategy_minus_net_benchmark
2,calendar_duration,MSFT,MACD_Momentum,24,2020-07-02,2023-06-30,2023-07-03,2023-12-29,754,126,fast=8;slow=21;signal=5,-0.046867,-0.074671,0.047345,0.691183,-0.076290,16,107501.508098,112591.174703,continuous_capital,liquidate_at_test_end_close,160.139646,0.047345,0.125912,MSFT,first_close_decision_next_open_integer_shares_5pct_cash_reserve,strategy_costs_for_net_zero_costs_for_gross,net_strategy_minus_net_benchmark
2,calendar_duration,MSFT,MA_Cross,25,2020-07-02,2023-06-30,2023-07-03,2023-12-29,754,126,short=5;long=100,1.211821,0.754372,0.051996,0.771498,-0.089301,6,134724.983708,141730.123543,continuous_capital,liquidate_at_test_end_close,202.993917,0.051996,0.417301,MSFT,first_close_decision_next_open_integer_shares_5pct_cash_reserve,strategy_costs_for_net_zero_costs_for_gross,net_strategy_minus_net_benchmark
2,calendar_duration,MSFT,RSI_Mean_Reversion,26,2020-07-02,2023-06-30,2023-07-03,2023-12-29,754,126,period=7;oversold=35;overbought=65,0.950619,0.654960,0.007378,0.186852,-0.069538,8,119781.844644,120665.566116,continuous_capital,liquidate_at_test_end_close,0.000000,0.007378,0.206656,MSFT,first_close_decision_next_open_integer_shares_5pct_cash_reserve,strategy_costs_for_net_zero_costs_for_gross,net_strategy_minus_net_benchmark
2,calendar_duration,MSFT,Volatility_Breakout,27,2020-07-02,2023-06-30,2023-07-03,2023-12-29,754,126,lookback=40;multiplier=2,0.517487,0.311891,-0.088100,-2.057074,-0.093455,4,130951.417359,119414.588862,continuous_capital,liquidate_at_test_end_close,0.000000,-0.088100,0.194146,MSFT,first_close_decision_next_open_integer_shares_5pct_cash_reserve,strategy_costs_for_net_zero_costs_for_gross,net_strategy_minus_net_benchmark
2,calendar_duration,MSFT,MACD_Momentum,28,2021-01-04,2023-12-29,2024-01-02,2024-07-01,753,125,fast=8;slow=21;signal=5,0.115623,0.013306,0.105638,1.684547,-0.067507,16,112591.174703,124485.097500,continuous_capital,liquidate_at_test_end_close,176.937373,0.105638,0.244851,MSFT,first_close_decision_next_open_integer_shares_5pct_cash_reserve,strategy_costs_for_net_zero_costs_for_gross,net_strategy_minus_net_benchmark
2,calendar_duration,MSFT,MA_Cross,29,2021-01-04,2023-12-29,2024-01-02,2024-07-01,753,125,short=5;long=200,0.706354,0.280438,0.000000,0.000000,0.000000,0,141730.123543,141730.123543,continuous_capital,liquidate_at_test_end_close,0.000000,0.000000,0.417301,MSFT,first_close_decision_next_open_integer_shares_5pct_cash_reserve,strategy_costs_for_net_zero_costs_for_gross,net_strategy_minus_net_benchmark
2,calendar_duration,MSFT,RSI_Mean_Reversion,30,2021-01-04,2023-12-29,2024-01-02,2024-07-01,753,125,period=14;oversold=30;overbought=70,0.742919,0.439481,0.060674,1.430090,-0.046010,2,120665.566116,127986.835211,continuous_capital,liquidate_at_test_end_close,0.000000,0.060674,0.279868,MSFT,first_close_decision_next_open_integer_shares_5pct_cash_reserve,strategy_costs_for_net_zero_costs_for_gross,net_strategy_minus_net_benchmark
2,calendar_duration,MSFT,Volatility_Breakout,31,2021-01-04,2023-12-29,2024-01-02,2024-07-01,753,125,lookback=20;multiplier=1.5,0.800152,0.496116,0.076133,1.141740,-0.094917,12,119414.588862,128505.984319,continuous_capital,liquidate_at_test_end_close,183.665029,0.076133,0.285060,MSFT,first_close_decision_next_open_integer_shares_5pct_cash_reserve,strategy_costs_for_net_zero_costs_for_gross,net_strategy_minus_net_benchmark
2,calendar_duration,MSFT,MACD_Momentum,32,2021-07-02,2024-07-01,2024-07-02,2024-12-31,753,127,fast=8;slow=21;signal=5,-0.038606,-0.068176,-0.000446,0.066328,-0.083806,12,124485.097500,124429.547024,continuous_capital,liquidate_at_test_end_close,0.000000,-0.000446,0.244295,MSFT,first_close_decision_next_open_integer_shares_5pct_cash_reserve,strategy_costs_for_net_zero_costs_for_gross,net_strategy_minus_net_benchmark
2,calendar_duration,MSFT,MA_Cross,33,2021-07-02,2024-07-01,2024-07-02,2024-12-31,753,127,short=5;long=200,1.051110,0.545908,-0.133957,-1.903578,-0.142471,10,141730.123543,122744.408710,continuous_capital,liquidate_at_test_end_close,174.442833,-0.133957,0.227444,MSFT,first_close_decision_next_open_integer_shares_5pct_cash_reserve,strategy_costs_for_net_zero_costs_for_gross,net_strategy_minus_net_benchmark
2,calendar_duration,MSFT,RSI_Mean_Reversion,34,2021-07-02,2024-07-01,2024-07-02,2024-12-31,753,127,period=7;oversold=35;overbought=65,0.848150,0.517534,-0.035206,-0.460253,-0.104495,12,127986.835211,123480.986111,continuous_capital,liquidate_at_test_end_close,175.706912,-0.035206,0.234810,MSFT,first_close_decision_next_open_integer_shares_5pct_cash_reserve,strategy_costs_for_net_zero_costs_for_gross,net_strategy_minus_net_benchmark
2,calendar_duration,MSFT,Volatility_Breakout,35,2021-07-02,2024-07-01,2024-07-02,2024-12-31,753,127,lookback=20;multiplier=1.5,0.663874,0.378835,-0.065199,-1.133672,-0.090234,6,128505.984319,120127.527341,continuous_capital,liquidate_at_test_end_close,0.000000,-0.065199,0.201275,MSFT,first_close_decision_next_open_integer_shares_5pct_cash_reserve,strategy_costs_for_net_zero_costs_for_gross,net_strategy_minus_net_benchmark
2,calendar_duration,MSFT,MACD_Momentum,36,2022-01-03,2024-12-31,2025-01-02,2025-07-01,753,123,fast=8;slow=21;signal=5,-0.090154,-0.096939,-0.023756,-0.150926,-0.190123,14,124429.547024,121473.585260,continuous_capital,liquidate_at_test_end_close,174.127634,-0.023756,0.214736,MSFT,first_close_decision_next_open_integer_shares_5pct_cash_reserve,strategy_costs_for_net_zero_costs_for_gross,net_strategy_minus_net_benchmark
2,calendar_duration,MSFT,MA_Cross,37,2022-01-03,2024-12-31,2025-01-02,2025-07-01,753,123,short=30;long=200,0.964485,0.525576,0.072053,2.841937,-0.011937,2,122744.408710,131588.533404,continuous_capital,liquidate_at_test_end_close,191.097700,0.072053,0.315885,MSFT,first_close_decision_next_open_integer_shares_5pct_cash_reserve,strategy_costs_for_net_zero_costs_for_gross,net_strategy_minus_net_benchmark
2,calendar_duration,MSFT,RSI_Mean_Reversion,38,2022-01-03,2024-12-31,2025-01-02,2025-07-01,753,123,period=7;oversold=35;overbought=65,0.659194,0.372601,0.129972,1.309820,-0.067711,10,123480.986111,139530.008866,continuous_capital,liquidate_at_test_end_close,0.000000,0.129972,0.395300,MSFT,first_close_decision_next_open_integer_shares_5pct_cash_reserve,strategy_costs_for_net_zero_costs_for_gross,net_strategy_minus_net_benchmark
2,calendar_duration,MSFT,Volatility_Breakout,39,2022-01-03,2024-12-31,2025-01-02,2025-07-01,753,123,lookback=40;multiplier=1.5,0.471280,0.242592,0.007192,0.173442,-0.146012,10,120127.527341,120991.512410,continuous_capital,liquidate_at_test_end_close,175.603292,0.007192,0.209915,MSFT,first_close_decision_next_open_integer_shares_5pct_cash_reserve,strategy_costs_for_net_zero_costs_for_gross,net_strategy_minus_net_benchmark
2,calendar_duration,SPY,MACD_Momentum,40,2020-01-02,2022-12-30,2023-01-03,2023-06-30,756,124,fast=20;slow=40;signal=10,0.653233,0.253620,0.014301,0.340749,-0.082888,10,100000.000000,101430.088674,continuous_capital,liquidate_at_test_end_close,145.568940,0.014301,0.014301,SPY,first_close_decision_next_open_integer_shares_5pct_cash_reserve,strategy_costs_for_net_zero_costs_for_gross,net_strategy_minus_net_benchmark
2,calendar_duration,SPY,MA_Cross,41,2020-01-02,2022-12-30,2023-01-03,2023-06-30,756,124,short=10;long=100,0.635270,0.228542,0.066366,1.107886,-0.071332,4,100000.000000,106636.568957,continuous_capital,liquidate_at_test_end_close,152.215924,0.066366,0.066366,SPY,first_close_decision_next_open_integer_shares_5pct_cash_reserve,strategy_costs_for_net_zero_costs_for_gross,net_strategy_minus_net_benchmark
2,calendar_duration,SPY,RSI_Mean_Reversion,42,2020-01-02,2022-12-30,2023-01-03,2023-06-30,756,124,period=14;oversold=25;overbought=75,0.451457,0.236996,0.000000,0.000000,0.000000,0,100000.000000,100000.000000,continuous_capital,liquidate_at_test_end_close,0.000000,0.000000,0.000000,SPY,first_close_decision_next_open_integer_shares_5pct_cash_reserve,strategy_costs_for_net_zero_costs_for_gross,net_strategy_minus_net_benchmark
2,calendar_duration,SPY,Volatility_Breakout,43,2020-01-02,2022-12-30,2023-01-03,2023-06-30,756,124,lookback=20;multiplier=1.5,0.282749,0.104613,0.121693,1.985743,-0.058677,8,100000.000000,112169.270649,continuous_capital,liquidate_at_test_end_close,160.192304,0.121693,0.121693,SPY,first_close_decision_next_open_integer_shares_5pct_cash_reserve,strategy_costs_for_net_zero_costs_for_gross,net_strategy_minus_net_benchmark
2,calendar_duration,SPY,MACD_Momentum,44,2020-07-02,2023-06-30,2023-07-03,2023-12-29,754,126,fast=12;slow=26;signal=9,0.325026,0.096761,0.026168,0.759144,-0.050682,10,101430.088674,104084.275171,continuous_capital,liquidate_at_test_end_close,148.960014,0.026168,0.040843,SPY,first_close_decision_next_open_integer_shares_5pct_cash_reserve,strategy_costs_for_net_zero_costs_for_gross,net_strategy_minus_net_benchmark
2,calendar_duration,SPY,MA_Cross,45,2020-07-02,2023-06-30,2023-07-03,2023-12-29,754,126,short=20;long=200,0.694289,0.108989,0.000000,0.000000,0.000000,0,106636.568957,106636.568957,continuous_capital,liquidate_at_test_end_close,0.000000,0.000000,0.066366,SPY,first_close_decision_next_open_integer_shares_5pct_cash_reserve,strategy_costs_for_net_zero_costs_for_gross,net_strategy_minus_net_benchmark
2,calendar_duration,SPY,RSI_Mean_Reversion,46,2020-07-02,2023-06-30,2023-07-03,2023-12-29,754,126,period=14;oversold=25;overbought=75,0.697177,0.282562,0.033450,0.764622,-0.084749,2,100000.000000,103345.006964,continuous_capital,liquidate_at_test_end_close,0.000000,0.033450,0.033450,SPY,first_close_decision_next_open_integer_shares_5pct_cash_reserve,strategy_costs_for_net_zero_costs_for_gross,net_strategy_minus_net_benchmark
2,calendar_duration,SPY,Volatility_Breakout,47,2020-07-02,2023-06-30,2023-07-03,2023-12-29,754,126,lookback=20;multiplier=1.5,0.601407,0.227142,0.023389,0.700420,-0.053504,10,112169.270649,114792.751984,continuous_capital,liquidate_at_test_end_close,163.927289,0.023389,0.147928,SPY,first_close_decision_next_open_integer_shares_5pct_cash_reserve,strategy_costs_for_net_zero_costs_for_gross,net_strategy_minus_net_benchmark
2,calendar_duration,SPY,MACD_Momentum,48,2021-01-04,2023-12-29,2024-01-02,2024-07-01,753,125,fast=12;slow=26;signal=9,0.115192,0.020012,0.055005,1.792851,-0.016236,10,104084.275171,109809.421497,continuous_capital,liquidate_at_test_end_close,0.000000,0.055005,0.098094,SPY,first_close_decision_next_open_integer_shares_5pct_cash_reserve,strategy_costs_for_net_zero_costs_for_gross,net_strategy_minus_net_benchmark
2,calendar_duration,SPY,MA_Cross,49,2021-01-04,2023-12-29,2024-01-02,2024-07-01,753,125,short=20;long=200,0.861490,0.185220,0.000000,0.000000,0.000000,0,106636.568957,106636.568957,continuous_capital,liquidate_at_test_end_close,0.000000,0.000000,0.066366,SPY,first_close_decision_next_open_integer_shares_5pct_cash_reserve,strategy_costs_for_net_zero_costs_for_gross,net_strategy_minus_net_benchmark
2,calendar_duration,SPY,RSI_Mean_Reversion,50,2021-01-04,2023-12-29,2024-01-02,2024-07-01,753,125,period=21;oversold=35;overbought=65,0.406246,0.137996,0.050704,2.444930,-0.018203,2,103345.006964,108584.988757,continuous_capital,liquidate_at_test_end_close,0.000000,0.050704,0.085850,SPY,first_close_decision_next_open_integer_shares_5pct_cash_reserve,strategy_costs_for_net_zero_costs_for_gross,net_strategy_minus_net_benchmark
2,calendar_duration,SPY,Volatility_Breakout,51,2021-01-04,2023-12-29,2024-01-02,2024-07-01,753,125,lookback=40;multiplier=2,0.815448,0.241126,0.004648,0.162152,-0.051006,4,114792.751984,115326.332020,continuous_capital,liquidate_at_test_end_close,0.000000,0.004648,0.153263,SPY,first_close_decision_next_open_integer_shares_5pct_cash_reserve,strategy_costs_for_net_zero_costs_for_gross,net_strategy_minus_net_benchmark
2,calendar_duration,SPY,MACD_Momentum,52,2021-07-02,2024-07-01,2024-07-02,2024-12-31,753,127,fast=12;slow=26;signal=9,0.307294,0.085910,-0.003003,-0.052689,-0.031054,12,109809.421497,109479.704720,continuous_capital,liquidate_at_test_end_close,0.000000,-0.003003,0.094797,SPY,first_close_decision_next_open_integer_shares_5pct_cash_reserve,strategy_costs_for_net_zero_costs_for_gross,net_strategy_minus_net_benchmark
2,calendar_duration,SPY,MA_Cross,53,2021-07-02,2024-07-01,2024-07-02,2024-12-31,753,127,short=20;long=200,1.293408,0.351892,0.000000,0.000000,0.000000,0,106636.568957,106636.568957,continuous_capital,liquidate_at_test_end_close,0.000000,0.000000,0.066366,SPY,first_close_decision_next_open_integer_shares_5pct_cash_reserve,strategy_costs_for_net_zero_costs_for_gross,net_strategy_minus_net_benchmark
2,calendar_duration,SPY,RSI_Mean_Reversion,54,2021-07-02,2024-07-01,2024-07-02,2024-12-31,753,127,period=21;oversold=35;overbought=65,0.534017,0.195688,0.055099,1.794382,-0.023104,2,108584.988757,114567.902823,continuous_capital,liquidate_at_test_end_close,0.000000,0.055099,0.145679,SPY,first_close_decision_next_open_integer_shares_5pct_cash_reserve,strategy_costs_for_net_zero_costs_for_gross,net_strategy_minus_net_benchmark
2,calendar_duration,SPY,Volatility_Breakout,55,2021-07-02,2024-07-01,2024-07-02,2024-12-31,753,127,lookback=10;multiplier=2,0.858569,0.235991,-0.042163,-1.206099,-0.053578,4,115326.332020,110463.797472,continuous_capital,liquidate_at_test_end_close,0.000000,-0.042163,0.104638,SPY,first_close_decision_next_open_integer_shares_5pct_cash_reserve,strategy_costs_for_net_zero_costs_for_gross,net_strategy_minus_net_benchmark
2,calendar_duration,SPY,MACD_Momentum,56,2022-01-03,2024-12-31,2025-01-02,2025-07-01,753,123,fast=12;slow=26;signal=9,0.341469,0.098112,-0.033566,-0.471458,-0.128981,12,109479.704720,105804.869802,continuous_capital,liquidate_at_test_end_close,150.965092,-0.033566,0.058049,SPY,first_close_decision_next_open_integer_shares_5pct_cash_reserve,strategy_costs_for_net_zero_costs_for_gross,net_strategy_minus_net_benchmark
2,calendar_duration,SPY,MA_Cross,57,2022-01-03,2024-12-31,2025-01-02,2025-07-01,753,123,short=20;long=200,1.315978,0.448853,0.036733,1.786892,-0.015037,2,106636.568957,110553.692505,continuous_capital,liquidate_at_test_end_close,159.300588,0.036733,0.105537,SPY,first_close_decision_next_open_integer_shares_5pct_cash_reserve,strategy_costs_for_net_zero_costs_for_gross,net_strategy_minus_net_benchmark
2,calendar_duration,SPY,RSI_Mean_Reversion,58,2022-01-03,2024-12-31,2025-01-02,2025-07-01,753,123,period=7;oversold=20;overbought=80,0.585261,0.203069,-0.059571,-0.465555,-0.160280,2,114567.902823,107743.015669,continuous_capital,liquidate_at_test_end_close,0.000000,-0.059571,0.077430,SPY,first_close_decision_next_open_integer_shares_5pct_cash_reserve,strategy_costs_for_net_zero_costs_for_gross,net_strategy_minus_net_benchmark
2,calendar_duration,SPY,Volatility_Breakout,59,2022-01-03,2024-12-31,2025-01-02,2025-07-01,753,123,lookback=10;multiplier=2,0.821538,0.231562,0.144819,2.679126,-0.043182,2,110463.797472,126461.070131,continuous_capital,liquidate_at_test_end_close,176.897746,0.144819,0.264611,SPY,first_close_decision_next_open_integer_shares_5pct_cash_reserve,strategy_costs_for_net_zero_costs_for_gross,net_strategy_minus_net_benchmark
2,calendar_duration,TSLA,MACD_Momentum,60,2020-01-02,2022-12-30,2023-01-03,2023-06-30,756,124,fast=20;slow=40;signal=10,1.141410,2.310002,1.138226,3.704138,-0.193230,6,100000.000000,213822.642339,continuous_capital,liquidate_at_test_end_close,315.196851,1.138226,1.138226,TSLA,first_close_decision_next_open_integer_shares_5pct_cash_reserve,strategy_costs_for_net_zero_costs_for_gross,net_strategy_minus_net_benchmark
2,calendar_duration,TSLA,MA_Cross,61,2020-01-02,2022-12-30,2023-01-03,2023-06-30,756,124,short=5;long=50,1.373790,3.853904,0.463615,2.140252,-0.185135,4,100000.000000,146361.464868,continuous_capital,liquidate_at_test_end_close,209.215345,0.463615,0.463615,TSLA,first_close_decision_next_open_integer_shares_5pct_cash_reserve,strategy_costs_for_net_zero_costs_for_gross,net_strategy_minus_net_benchmark
2,calendar_duration,TSLA,RSI_Mean_Reversion,62,2020-01-02,2022-12-30,2023-01-03,2023-06-30,756,124,period=21;oversold=25;overbought=75,0.385032,0.246024,1.000434,4.486130,-0.031739,4,100000.000000,200043.443538,continuous_capital,liquidate_at_test_end_close,0.000000,1.000434,1.000434,TSLA,first_close_decision_next_open_integer_shares_5pct_cash_reserve,strategy_costs_for_net_zero_costs_for_gross,net_strategy_minus_net_benchmark
2,calendar_duration,TSLA,Volatility_Breakout,63,2020-01-02,2022-12-30,2023-01-03,2023-06-30,756,124,lookback=40;multiplier=1.5,1.229525,3.234102,1.047142,3.255162,-0.191315,4,100000.000000,204714.215501,continuous_capital,liquidate_at_test_end_close,0.000000,1.047142,1.047142,TSLA,first_close_decision_next_open_integer_shares_5pct_cash_reserve,strategy_costs_for_net_zero_costs_for_gross,net_strategy_minus_net_benchmark
2,calendar_duration,TSLA,MACD_Momentum,64,2020-07-02,2023-06-30,2023-07-03,2023-12-29,754,126,fast=8;slow=21;signal=5,1.245011,2.505972,0.076210,0.615202,-0.116371,12,213822.642339,230118.056181,continuous_capital,liquidate_at_test_end_close,328.969315,0.076210,1.301181,TSLA,first_close_decision_next_open_integer_shares_5pct_cash_reserve,strategy_costs_for_net_zero_costs_for_gross,net_strategy_minus_net_benchmark
2,calendar_duration,TSLA,MA_Cross,65,2020-07-02,2023-06-30,2023-07-03,2023-12-29,754,126,short=5;long=50,1.122302,1.711200,-0.204299,-1.943904,-0.257300,6,146361.464868,116459.960875,continuous_capital,liquidate_at_test_end_close,166.922898,-0.204299,0.164600,TSLA,first_close_decision_next_open_integer_shares_5pct_cash_reserve,strategy_costs_for_net_zero_costs_for_gross,net_strategy_minus_net_benchmark
2,calendar_duration,TSLA,RSI_Mean_Reversion,66,2020-07-02,2023-06-30,2023-07-03,2023-12-29,754,126,period=14;oversold=30;overbought=70,0.505128,0.444850,0.225057,1.490818,-0.128206,4,200043.443538,245064.582426,continuous_capital,liquidate_at_test_end_close,0.000000,0.225057,1.450646,TSLA,first_close_decision_next_open_integer_shares_5pct_cash_reserve,strategy_costs_for_net_zero_costs_for_gross,net_strategy_minus_net_benchmark
2,calendar_duration,TSLA,Volatility_Breakout,67,2020-07-02,2023-06-30,2023-07-03,2023-12-29,754,126,lookback=20;multiplier=1,1.071866,2.001134,-0.325739,-2.241488,-0.390208,20,204714.215501,138030.739582,continuous_capital,liquidate_at_test_end_close,198.529156,-0.325739,0.380307,TSLA,first_close_decision_next_open_integer_shares_5pct_cash_reserve,strategy_costs_for_net_zero_costs_for_gross,net_strategy_minus_net_benchmark
2,calendar_duration,TSLA,MACD_Momentum,68,2021-01-04,2023-12-29,2024-01-02,2024-07-01,753,125,fast=8;slow=21;signal=5,1.114705,1.768610,0.032921,0.356898,-0.192022,14,230118.056181,237693.826287,continuous_capital,liquidate_at_test_end_close,346.782948,0.032921,1.376938,TSLA,first_close_decision_next_open_integer_shares_5pct_cash_reserve,strategy_costs_for_net_zero_costs_for_gross,net_strategy_minus_net_benchmark
2,calendar_duration,TSLA,MA_Cross,69,2021-01-04,2023-12-29,2024-01-02,2024-07-01,753,125,short=5;long=50,0.566758,0.489709,0.141209,1.308320,-0.083273,2,116459.960875,132905.112272,continuous_capital,liquidate_at_test_end_close,189.755098,0.141209,0.329051,TSLA,first_close_decision_next_open_integer_shares_5pct_cash_reserve,strategy_costs_for_net_zero_costs_for_gross,net_strategy_minus_net_benchmark
2,calendar_duration,TSLA,RSI_Mean_Reversion,70,2021-01-04,2023-12-29,2024-01-02,2024-07-01,753,125,period=14;oversold=30;overbought=70,0.485315,0.412645,-0.025494,0.130022,-0.331280,2,245064.582426,238816.855071,continuous_capital,liquidate_at_test_end_close,334.510230,-0.025494,1.388169,TSLA,first_close_decision_next_open_integer_shares_5pct_cash_reserve,strategy_costs_for_net_zero_costs_for_gross,net_strategy_minus_net_benchmark
2,calendar_duration,TSLA,Volatility_Breakout,71,2021-01-04,2023-12-29,2024-01-02,2024-07-01,753,125,lookback=40;multiplier=1.5,0.449769,0.353937,0.047964,0.431339,-0.217858,8,138030.739582,144651.311768,continuous_capital,liquidate_at_test_end_close,205.804036,0.047964,0.446513,TSLA,first_close_decision_next_open_integer_shares_5pct_cash_reserve,strategy_costs_for_net_zero_costs_for_gross,net_strategy_minus_net_benchmark
2,calendar_duration,TSLA,MACD_Momentum,72,2021-07-02,2024-07-01,2024-07-02,2024-12-31,753,127,fast=8;slow=21;signal=5,1.096154,1.776577,0.310734,1.520497,-0.112477,12,237693.826287,311553.304392,continuous_capital,liquidate_at_test_end_close,0.000000,0.310734,2.115533,TSLA,first_close_decision_next_open_integer_shares_5pct_cash_reserve,strategy_costs_for_net_zero_costs_for_gross,net_strategy_minus_net_benchmark
2,calendar_duration,TSLA,MA_Cross,73,2021-07-02,2024-07-01,2024-07-02,2024-12-31,753,127,short=5;long=50,0.364180,0.209811,0.350094,1.491294,-0.230037,6,132905.112272,179434.395637,continuous_capital,liquidate_at_test_end_close,260.995530,0.350094,0.794344,TSLA,first_close_decision_next_open_integer_shares_5pct_cash_reserve,strategy_costs_for_net_zero_costs_for_gross,net_strategy_minus_net_benchmark
2,calendar_duration,TSLA,RSI_Mean_Reversion,74,2021-07-02,2024-07-01,2024-07-02,2024-12-31,753,127,period=21;oversold=30;overbought=70,0.385282,0.249144,0.000000,0.000000,0.000000,0,238816.855071,238816.855071,continuous_capital,liquidate_at_test_end_close,0.000000,0.000000,1.388169,TSLA,first_close_decision_next_open_integer_shares_5pct_cash_reserve,strategy_costs_for_net_zero_costs_for_gross,net_strategy_minus_net_benchmark
2,calendar_duration,TSLA,Volatility_Breakout,75,2021-07-02,2024-07-01,2024-07-02,2024-12-31,753,127,lookback=40;multiplier=1.5,0.645336,0.718634,0.171293,0.884628,-0.330275,10,144651.311768,169429.114079,continuous_capital,liquidate_at_test_end_close,241.617672,0.171293,0.694291,TSLA,first_close_decision_next_open_integer_shares_5pct_cash_reserve,strategy_costs_for_net_zero_costs_for_gross,net_strategy_minus_net_benchmark
2,calendar_duration,TSLA,MACD_Momentum,76,2022-01-03,2024-12-31,2025-01-02,2025-07-01,753,123,fast=8;slow=21;signal=5,1.190005,2.203870,-0.326287,-1.822745,-0.329817,16,311553.304392,209897.452703,continuous_capital,liquidate_at_test_end_close,0.000000,-0.326287,1.098975,TSLA,first_close_decision_next_open_integer_shares_5pct_cash_reserve,strategy_costs_for_net_zero_costs_for_gross,net_strategy_minus_net_benchmark
2,calendar_duration,TSLA,MA_Cross,77,2022-01-03,2024-12-31,2025-01-02,2025-07-01,753,123,short=5;long=50,0.559238,0.510391,0.064784,0.553493,-0.200309,2,179434.395637,191058.886848,continuous_capital,liquidate_at_test_end_close,262.883231,0.064784,0.910589,TSLA,first_close_decision_next_open_integer_shares_5pct_cash_reserve,strategy_costs_for_net_zero_costs_for_gross,net_strategy_minus_net_benchmark
2,calendar_duration,TSLA,RSI_Mean_Reversion,78,2022-01-03,2024-12-31,2025-01-02,2025-07-01,753,123,period=14;oversold=30;overbought=70,0.498026,0.448525,-0.200245,-0.447852,-0.360537,4,238816.855071,190994.943106,continuous_capital,liquidate_at_test_end_close,286.330791,-0.200245,0.909949,TSLA,first_close_decision_next_open_integer_shares_5pct_cash_reserve,strategy_costs_for_net_zero_costs_for_gross,net_strategy_minus_net_benchmark
2,calendar_duration,TSLA,Volatility_Breakout,79,2022-01-03,2024-12-31,2025-01-02,2025-07-01,753,123,lookback=40;multiplier=1,0.466369,0.381773,-0.250097,-0.995526,-0.298845,18,169429.114079,127055.413084,continuous_capital,liquidate_at_test_end_close,184.874999,-0.250097,0.270554,TSLA,first_close_decision_next_open_integer_shares_5pct_cash_reserve,strategy_costs_for_net_zero_costs_for_gross,net_strategy_minus_net_benchmark
2,calendar_duration,BTC-USD,MACD_Momentum,80,2020-01-01,2022-12-31,2023-01-01,2023-06-30,1096,181,fast=12;slow=26;signal=9,0.845486,1.847090,0.410627,2.161471,-0.102879,14,100000.000000,141062.659508,continuous_capital,liquidate_at_test_end_close,182.802557,0.410627,0.410627,BTC-USD,first_close_decision_next_open_integer_shares_5pct_cash_reserve,strategy_costs_for_net_zero_costs_for_gross,net_strategy_minus_net_benchmark
2,calendar_duration,BTC-USD,MA_Cross,81,2020-01-01,2022-12-31,2023-01-01,2023-06-30,1096,181,short=5;long=100,1.176635,3.887771,0.193360,0.962193,-0.171022,6,100000.000000,119335.954480,continuous_capital,liquidate_at_test_end_close,137.101918,0.193360,0.193360,BTC-USD,first_close_decision_next_open_integer_shares_5pct_cash_reserve,strategy_costs_for_net_zero_costs_for_gross,net_strategy_minus_net_benchmark
2,calendar_duration,BTC-USD,RSI_Mean_Reversion,82,2020-01-01,2022-12-31,2023-01-01,2023-06-30,1096,181,period=7;oversold=25;overbought=75,0.472344,0.557771,0.232655,1.307374,-0.123158,8,100000.000000,123265.506945,continuous_capital,liquidate_at_test_end_close,0.000000,0.232655,0.232655,BTC-USD,first_close_decision_next_open_integer_shares_5pct_cash_reserve,strategy_costs_for_net_zero_costs_for_gross,net_strategy_minus_net_benchmark
2,calendar_duration,BTC-USD,Volatility_Breakout,83,2020-01-01,2022-12-31,2023-01-01,2023-06-30,1096,181,lookback=10;multiplier=1.5,1.031927,2.873335,0.529699,2.159083,-0.181709,10,100000.000000,152969.905503,continuous_capital,liquidate_at_test_end_close,182.802557,0.529699,0.529699,BTC-USD,first_close_decision_next_open_integer_shares_5pct_cash_reserve,strategy_costs_for_net_zero_costs_for_gross,net_strategy_minus_net_benchmark
2,calendar_duration,BTC-USD,MACD_Momentum,84,2020-07-01,2023-06-30,2023-07-01,2023-12-31,1095,184,fast=12;slow=26;signal=9,0.950885,2.232379,0.136626,1.072864,-0.106609,10,141062.659508,160335.506617,continuous_capital,liquidate_at_test_end_close,0.000000,0.136626,0.603355,BTC-USD,first_close_decision_next_open_integer_shares_5pct_cash_reserve,strategy_costs_for_net_zero_costs_for_gross,net_strategy_minus_net_benchmark
2,calendar_duration,BTC-USD,MA_Cross,85,2020-07-01,2023-06-30,2023-07-01,2023-12-31,1095,184,short=5;long=100,1.218815,4.353665,0.463461,2.332443,-0.064060,2,119335.954480,174643.482662,continuous_capital,liquidate_at_test_end_close,253.506595,0.463461,0.746435,BTC-USD,first_close_decision_next_open_integer_shares_5pct_cash_reserve,strategy_costs_for_net_zero_costs_for_gross,net_strategy_minus_net_benchmark
2,calendar_duration,BTC-USD,RSI_Mean_Reversion,86,2020-07-01,2023-06-30,2023-07-01,2023-12-31,1095,184,period=7;oversold=25;overbought=75,0.592273,0.799704,0.092382,0.863544,-0.098639,10,123265.506945,134653.063745,continuous_capital,liquidate_at_test_end_close,190.129946,0.092382,0.346531,BTC-USD,first_close_decision_next_open_integer_shares_5pct_cash_reserve,strategy_costs_for_net_zero_costs_for_gross,net_strategy_minus_net_benchmark
2,calendar_duration,BTC-USD,Volatility_Breakout,87,2020-07-01,2023-06-30,2023-07-01,2023-12-31,1095,184,lookback=10;multiplier=1.5,1.234458,4.382863,0.223179,1.414398,-0.109487,12,152969.905503,187109.532990,continuous_capital,liquidate_at_test_end_close,0.000000,0.223179,0.871095,BTC-USD,first_close_decision_next_open_integer_shares_5pct_cash_reserve,strategy_costs_for_net_zero_costs_for_gross,net_strategy_minus_net_benchmark
2,calendar_duration,BTC-USD,MACD_Momentum,88,2021-01-01,2023-12-31,2024-01-01,2024-06-30,1095,182,fast=12;slow=26;signal=9,0.390859,0.354476,0.172246,1.112499,-0.112350,12,160335.506617,187952.688336,continuous_capital,liquidate_at_test_end_close,0.000000,0.172246,0.879527,BTC-USD,first_close_decision_next_open_integer_shares_5pct_cash_reserve,strategy_costs_for_net_zero_costs_for_gross,net_strategy_minus_net_benchmark
2,calendar_duration,BTC-USD,MA_Cross,89,2021-01-01,2023-12-31,2024-01-01,2024-06-30,1095,182,short=5;long=150,0.569119,0.581293,0.000000,0.000000,0.000000,0,174643.482662,174643.482662,continuous_capital,liquidate_at_test_end_close,0.000000,0.000000,0.746435,BTC-USD,first_close_decision_next_open_integer_shares_5pct_cash_reserve,strategy_costs_for_net_zero_costs_for_gross,net_strategy_minus_net_benchmark
2,calendar_duration,BTC-USD,RSI_Mean_Reversion,90,2021-01-01,2023-12-31,2024-01-01,2024-06-30,1095,182,period=7;oversold=25;overbought=75,0.637222,0.886606,0.122344,0.792606,-0.106930,8,134653.063745,151127.111534,continuous_capital,liquidate_at_test_end_close,187.972201,0.122344,0.511271,BTC-USD,first_close_decision_next_open_integer_shares_5pct_cash_reserve,strategy_costs_for_net_zero_costs_for_gross,net_strategy_minus_net_benchmark
2,calendar_duration,BTC-USD,Volatility_Breakout,91,2021-01-01,2023-12-31,2024-01-01,2024-06-30,1095,182,lookback=10;multiplier=1.5,0.731434,1.192228,0.298831,1.424923,-0.145730,10,187109.532990,243023.663267,continuous_capital,liquidate_at_test_end_close,0.000000,0.298831,1.430237,BTC-USD,first_close_decision_next_open_integer_shares_5pct_cash_reserve,strategy_costs_for_net_zero_costs_for_gross,net_strategy_minus_net_benchmark
2,calendar_duration,BTC-USD,MACD_Momentum,92,2021-07-01,2024-06-30,2024-07-01,2024-12-31,1096,184,fast=12;slow=26;signal=9,0.676334,0.801278,0.237988,1.357915,-0.103466,14,187952.688336,232683.265312,continuous_capital,liquidate_at_test_end_close,0.000000,0.237988,1.326833,BTC-USD,first_close_decision_next_open_integer_shares_5pct_cash_reserve,strategy_costs_for_net_zero_costs_for_gross,net_strategy_minus_net_benchmark
2,calendar_duration,BTC-USD,MA_Cross,93,2021-07-01,2024-06-30,2024-07-01,2024-12-31,1096,184,short=20;long=150,0.777198,1.077464,0.223908,1.222958,-0.115289,6,174643.482662,213747.513951,continuous_capital,liquidate_at_test_end_close,280.194180,0.223908,1.137475,BTC-USD,first_close_decision_next_open_integer_shares_5pct_cash_reserve,strategy_costs_for_net_zero_costs_for_gross,net_strategy_minus_net_benchmark
2,calendar_duration,BTC-USD,RSI_Mean_Reversion,94,2021-07-01,2024-06-30,2024-07-01,2024-12-31,1096,184,period=7;oversold=25;overbought=75,0.697568,0.926007,0.264809,1.620336,-0.094246,12,151127.111534,191146.873868,continuous_capital,liquidate_at_test_end_close,140.097090,0.264809,0.911469,BTC-USD,first_close_decision_next_open_integer_shares_5pct_cash_reserve,strategy_costs_for_net_zero_costs_for_gross,net_strategy_minus_net_benchmark
2,calendar_duration,BTC-USD,Volatility_Breakout,95,2021-07-01,2024-06-30,2024-07-01,2024-12-31,1096,184,lookback=10;multiplier=1.5,0.902944,1.426009,0.331155,1.575129,-0.139873,12,243023.663267,323502.226426,continuous_capital,liquidate_at_test_end_close,0.000000,0.331155,2.235022,BTC-USD,first_close_decision_next_open_integer_shares_5pct_cash_reserve,strategy_costs_for_net_zero_costs_for_gross,net_strategy_minus_net_benchmark
2,calendar_duration,BTC-USD,MACD_Momentum,96,2022-01-01,2024-12-31,2025-01-01,2025-06-30,1096,181,fast=8;slow=21;signal=5,0.447778,0.395434,-0.179606,-1.060149,-0.272335,26,232683.265312,190891.890057,continuous_capital,liquidate_at_test_end_close,160.649436,-0.179606,0.908919,BTC-USD,first_close_decision_next_open_integer_shares_5pct_cash_reserve,strategy_costs_for_net_zero_costs_for_gross,net_strategy_minus_net_benchmark
2,calendar_duration,BTC-USD,MA_Cross,97,2022-01-01,2024-12-31,2025-01-01,2025-06-30,1096,181,short=5;long=150,0.930462,1.423434,0.113889,1.091578,-0.086357,2,213747.513951,238090.997074,continuous_capital,liquidate_at_test_end_close,321.298872,0.113889,1.380910,BTC-USD,first_close_decision_next_open_integer_shares_5pct_cash_reserve,strategy_costs_for_net_zero_costs_for_gross,net_strategy_minus_net_benchmark
2,calendar_duration,BTC-USD,RSI_Mean_Reversion,98,2022-01-01,2024-12-31,2025-01-01,2025-06-30,1096,181,period=7;oversold=25;overbought=75,0.745555,1.027009,-0.016801,-0.011997,-0.150561,8,191146.873868,187935.459992,continuous_capital,liquidate_at_test_end_close,0.000000,-0.016801,0.879355,BTC-USD,first_close_decision_next_open_integer_shares_5pct_cash_reserve,strategy_costs_for_net_zero_costs_for_gross,net_strategy_minus_net_benchmark
2,calendar_duration,BTC-USD,Volatility_Breakout,99,2022-01-01,2024-12-31,2025-01-01,2025-06-30,1096,181,lookback=10;multiplier=1.5,0.882690,1.317803,-0.043163,-0.232478,-0.228132,14,323502.226426,309538.780321,continuous_capital,liquidate_at_test_end_close,321.298872,-0.043163,2.095388,BTC-USD,first_close_decision_next_open_integer_shares_5pct_cash_reserve,strategy_costs_for_net_zero_costs_for_gross,net_strategy_minus_net_benchmark
